district,price,area,room_count,budget,transport,distance,safety,features,social
Görükle,14860.0,124.8,3+1,0.8131594091693842,0.67,1.0,0.6599999999999999,0.6166666666666667,0.5872995780590717
Görükle,15840.0,75.8,2+1,0.7943602532131211,0.5900000000000001,1.0,0.67,0.7141666666666666,0.5185443037974684
Görükle,18200.0,128.1,3+1,0.7490888164204872,0.62,1.0,0.64,0.8266666666666667,0.5054219409282701
Görükle,17170.0,123.2,3+1,0.7688471129867639,0.72,0.8754716981132076,0.75,0.5558333333333333,0.44542194092827003
Görükle,9460.0,48.6,1+1,0.9167465950508344,0.62,1.0,0.64,0.9016666666666666,0.48776371308016875
Görükle,19820.0,139.6,4+1,0.7180126606560522,0.51,1.0,0.7,0.8133333333333332,0.5212869198312237
Görükle,16600.0,103.7,3+1,0.7797813159409169,0.58,0.9056603773584906,0.61,0.6766666666666666,0.4869831223628692
Görükle,20160.0,119.0,3+1,0.7114905045079609,0.5599999999999999,0.8188679245283019,0.5599999999999999,0.8899999999999999,0.4461181434599156
Görükle,5120.0,47.2,1+1,1.0,0.48,0.969811320754717,0.64,0.6116666666666666,0.4970675105485232
Görükle,14540.0,76.2,2+1,0.8192979090734702,0.53,0.7962264150943397,0.75,0.9066666666666667,0.5491772151898735
Görükle,15250.0,93.0,2+1,0.8056781124112795,0.63,1.0,0.62,0.7141666666666666,0.5209704641350211
Görükle,23770.0,148.8,4+1,0.6422405524649913,0.63,1.0,0.74,0.9299999999999999,0.5812025316455696
Görükle,13570.0,79.3,2+1,0.8379052369077307,0.52,0.9471698113207547,0.6799999999999999,0.8599999999999999,0.5269831223628691
Görükle,18020.0,123.4,3+1,0.7525417226165356,0.61,0.9773584905660377,0.64,0.7358333333333333,0.39542194092827004
Görükle,14630.0,73.5,2+1,0.817571455975446,0.58,1.0,0.5900000000000001,0.7024999999999999,0.4835443037974683
Görükle,10540.0,63.3,1+1,0.8960291578745444,0.55,0.8641509433962264,0.65,0.8433333333333333,0.4840928270042194
Görükle,12740.0,75.1,2+1,0.8538269710339536,0.6,0.8943396226415095,0.5599999999999999,0.8383333333333333,0.5156540084388186
Görükle,8650.0,61.0,1+1,0.932284672933052,0.6799999999999999,1.0,0.67,0.745,0.4796413502109705
Görükle,18920.0,114.0,3+1,0.7352771916362939,0.7,0.8716981132075472,0.5599999999999999,0.8433333333333333,0.5823839662447257
Görükle,13890.0,80.5,2+1,0.8317667370036448,0.5900000000000001,0.9509433962264151,0.64,0.6208333333333333,0.4633122362869198
Görükle,20770.0,128.1,3+1,0.6997889890657971,0.6900000000000001,1.0,0.65,0.7033333333333334,0.5607383966244726
Görükle,15240.0,93.8,2+1,0.8058699405332822,0.49000000000000005,1.0,0.73,0.7516666666666666,0.46955696202531644
Görükle,26750.0,151.0,4+1,0.5850757721081911,0.63,0.9471698113207547,0.62,0.6766666666666666,0.540506329113924
Görükle,22180.0,130.0,3+1,0.6727412238634184,0.6599999999999999,0.9509433962264151,0.6599999999999999,0.6441666666666667,0.4869831223628692
Görükle,22370.0,119.7,3+1,0.6690964895453673,0.65,1.0,0.61,0.7,0.4433966244725738
Görükle,8360.0,60.4,1+1,0.9378476884711299,0.54,0.8867924528301887,0.5599999999999999,0.7525,0.4775316455696203
Görükle,14210.0,87.7,2+1,0.8256282370995588,0.5599999999999999,1.0,0.71,0.82,0.41698312236286916
Görükle,9230.0,64.6,1+1,0.9211586418568962,0.67,0.9433962264150944,0.5599999999999999,0.6866666666666666,0.48120253164556964
Görükle,11300.0,63.8,1+1,0.8814502206023404,0.54,0.8528301886792453,0.71,0.85,0.45689873417721516
Görükle,14900.0,119.0,3+1,0.8123920966813735,0.6799999999999999,1.0,0.77,0.6325,0.5220675105485232
Görükle,17890.0,117.0,3+1,0.7550354882025705,0.78,0.9283018867924528,0.65,0.71,0.4680801687763713
Görükle,26880.0,160.8,4+1,0.5825820065221561,0.6799999999999999,0.9735849056603774,0.6900000000000001,0.7258333333333332,0.48862869198312237
Görükle,13540.0,77.0,2+1,0.8384807212737387,0.6599999999999999,1.0,0.73,0.7683333333333333,0.4530801687763713
Görükle,14890.0,73.0,2+1,0.8125839248033762,0.61,0.9358490566037736,0.63,0.7683333333333333,0.4594092827004219
Görükle,11610.0,75.2,2+1,0.875503548820257,0.5900000000000001,0.9132075471698113,0.73,0.8383333333333333,0.4274472573839663
Görükle,9080.0,52.9,1+1,0.9240360636869365,0.49000000000000005,0.8754716981132076,0.6799999999999999,0.9391666666666667,0.4930801687763713
Görükle,7260.0,54.8,1+1,0.9589487818914253,0.5900000000000001,1.0,0.63,0.7616666666666666,0.5207383966244726
Görükle,13380.0,79.2,2+1,0.8415499712257817,0.55,0.9320754716981132,0.63,0.9041666666666666,0.49120253164556965
Görükle,9070.0,51.8,1+1,0.9242278918089392,0.55,0.9584905660377359,0.64,0.6883333333333332,0.5536286919831224
Görükle,18580.0,109.2,3+1,0.7417993477843852,0.58,1.0,0.72,0.8524999999999999,0.55542194092827
Görükle,9130.0,88.0,2+1,0.9230769230769231,0.71,0.9207547169811321,0.6599999999999999,0.47916666666666663,0.4190084388185654
Görükle,15600.0,108.6,3+1,0.7989641281411854,0.62,1.0,0.7,0.8716666666666666,0.5162869198312237
Görükle,16780.0,112.3,3+1,0.7763284097448686,0.64,1.0,0.55,0.8291666666666666,0.5119831223628692
Görükle,12810.0,86.9,2+1,0.8524841741799347,0.5700000000000001,1.0,0.74,0.8408333333333333,0.4606540084388186
Görükle,17080.0,115.4,3+1,0.770573566084788,0.78,0.9849056603773585,0.75,0.7683333333333333,0.37588607594936707
Görükle,19160.0,117.7,3+1,0.7306733167082294,0.74,1.0,0.6900000000000001,0.7141666666666666,0.429873417721519
Görükle,10690.0,80.2,2+1,0.8931517360445042,0.52,0.9547169811320755,0.75,0.7258333333333332,0.5101898734177215
Görükle,13440.0,70.4,2+1,0.8403990024937655,0.5900000000000001,0.9811320754716981,0.63,0.9766666666666666,0.5118354430379747
Görükle,9950.0,109.8,3+1,0.9073470170727028,0.62,0.9169811320754717,0.7,0.5066666666666666,0.44331223628691985
Görükle,10390.0,56.2,1+1,0.8989065797045847,0.6599999999999999,0.9283018867924528,0.62,0.8758333333333332,0.4579957805907173
Görükle,6900.0,58.1,1+1,0.9658545942835219,0.53,0.909433962264151,0.51,0.6358333333333333,0.5316033755274261
Görükle,7580.0,55.3,1+1,0.9528102819873393,0.58,0.9660377358490566,0.6799999999999999,0.6066666666666667,0.44221518987341774
Görükle,16980.0,100.0,3+1,0.7724918473048149,0.53,0.9735849056603774,0.63,0.8125,0.5612869198312236
Görükle,15750.0,109.7,3+1,0.7960867063111452,0.63,0.879245283018868,0.58,0.9416666666666667,0.4533122362869198
Görükle,16690.0,101.4,3+1,0.7780548628428927,0.6799999999999999,0.9169811320754717,0.71,0.6416666666666666,0.39354430379746835
Görükle,25930.0,125.5,3+1,0.6008056781124113,0.53,0.9320754716981132,0.63,0.7749999999999999,0.5130801687763713
Görükle,16850.0,94.6,2+1,0.7749856128908498,0.64,0.9245283018867925,0.6900000000000001,0.8666666666666666,0.5190928270042194
Görükle,11320.0,78.7,2+1,0.881066564358335,0.6,0.8679245283018868,0.73,0.9249999999999999,0.470337552742616
Görükle,8360.0,58.9,1+1,0.9378476884711299,0.62,0.9660377358490566,0.65,0.9508333333333332,0.5417510548523207
Görükle,8370.0,55.7,1+1,0.9376558603491272,0.67,1.0,0.64,0.7024999999999999,0.42198312236286917
Görükle,18670.0,126.2,3+1,0.7400728946863611,0.51,0.9433962264150944,0.64,0.8875,0.5390928270042195
Görükle,14510.0,82.9,2+1,0.8198733934394782,0.62,0.9924528301886792,0.6599999999999999,0.7,0.5065189873417721
Görükle,13140.0,74.5,2+1,0.8461538461538461,0.5900000000000001,1.0,0.65,1.0,0.5573839662447257
Görükle,15950.0,121.9,3+1,0.7922501438710915,0.73,0.9849056603773585,0.74,0.8716666666666666,0.5086286919831224
Görükle,15720.0,94.5,2+1,0.7966621906771533,0.67,0.9547169811320755,0.61,0.9508333333333332,0.5312025316455696
Görükle,14210.0,81.7,2+1,0.8256282370995588,0.53,0.9622641509433962,0.6900000000000001,0.8008333333333333,0.42120253164556964
Görükle,14450.0,88.8,2+1,0.8210243621714943,0.53,1.0,0.67,0.6608333333333334,0.5151898734177215
Görükle,14210.0,86.3,2+1,0.8256282370995588,0.52,0.9735849056603774,0.71,0.9275,0.5167510548523206
Görükle,7410.0,46.4,1+1,0.956071360061385,0.6,1.0,0.63,0.9883333333333333,0.5268354430379747
Görükle,15920.0,91.3,2+1,0.7928256282370996,0.5599999999999999,1.0,0.75,0.815,0.48909282700421947
Görükle,9220.0,62.9,1+1,0.9213504699788989,0.6799999999999999,1.0,0.71,0.8008333333333333,0.46909282700421945
Görükle,12940.0,83.3,2+1,0.8499904085938998,0.5900000000000001,1.0,0.76,0.7166666666666666,0.4975316455696203
Görükle,19640.0,113.0,3+1,0.7214655668521005,0.5900000000000001,0.8981132075471698,0.58,0.7774999999999999,0.48744725738396627
Görükle,6820.0,47.4,1+1,0.9673892192595435,0.63,0.8943396226415095,0.47000000000000003,0.4666666666666667,0.5133122362869198
Görükle,7640.0,54.4,1+1,0.9516593132553233,0.63,1.0,0.65,0.9158333333333333,0.5608860759493671
Görükle,14500.0,93.1,2+1,0.8200652215614809,0.58,1.0,0.65,0.6816666666666666,0.5459704641350211
Görükle,9140.0,79.8,2+1,0.9228850949549204,0.49000000000000005,0.8981132075471698,0.6799999999999999,0.6191666666666666,0.5351898734177215
Görükle,13950.0,120.3,3+1,0.8306157682716286,0.73,0.9433962264150944,0.74,0.6775,0.5480801687763713
Görükle,12150.0,80.1,2+1,0.8651448302321121,0.64,0.9547169811320755,0.63,0.5974999999999999,0.45354430379746835
Görükle,17910.0,102.8,3+1,0.7546518319585651,0.53,0.939622641509434,0.55,0.6675,0.5162869198312237
Görükle,18020.0,103.9,3+1,0.7525417226165356,0.5700000000000001,0.9433962264150944,0.52,0.8666666666666666,0.5212025316455696
Görükle,13200.0,76.4,2+1,0.84500287742183,0.67,0.9509433962264151,0.65,0.5716666666666667,0.4972995780590717
Görükle,22860.0,128.1,3+1,0.6596969115672358,0.64,0.9245283018867925,0.62,0.705,0.4675316455696203
Görükle,9670.0,64.6,1+1,0.912718204488778,0.61,0.8226415094339623,0.67,0.8483333333333334,0.545506329113924
Görükle,10070.0,53.2,1+1,0.9050450796086706,0.5900000000000001,1.0,0.74,0.8641666666666666,0.5267510548523207
Görükle,6880.0,47.3,1+1,0.9662382505275273,0.62,0.9509433962264151,0.74,0.8033333333333333,0.44588607594936713
Görükle,19000.0,123.7,3+1,0.7337425666602724,0.6,1.0,0.61,0.7916666666666666,0.5347257383966244
Görükle,13210.0,86.3,2+1,0.8448110492998273,0.64,0.9056603773584906,0.6900000000000001,0.5249999999999999,0.4979957805907173
Görükle,10750.0,60.7,1+1,0.892000767312488,0.61,0.9132075471698113,0.64,0.8833333333333333,0.42166666666666663
Görükle,10850.0,72.4,2+1,0.8900824860924612,0.58,0.9358490566037736,0.64,0.7749999999999999,0.49464135021097044
Görükle,7190.0,48.4,1+1,0.9602915787454441,0.6,0.9773584905660377,0.73,0.6766666666666666,0.5165189873417722
Görükle,12570.0,115.1,3+1,0.8570880491079993,0.5700000000000001,1.0,0.6799999999999999,0.7966666666666666,0.5494092827004219
Görükle,14470.0,90.6,2+1,0.820640705927489,0.43,0.9924528301886792,0.74,0.82,0.48776371308016875
Görükle,8200.0,75.5,2+1,0.9409169384231728,0.5700000000000001,1.0,0.63,0.7433333333333333,0.5957383966244726
Görükle,13690.0,82.2,2+1,0.8356032994436984,0.51,1.0,0.6799999999999999,0.7633333333333332,0.5386286919831224
Görükle,12340.0,86.9,2+1,0.8615000959140611,0.67,0.9811320754716981,0.74,0.8125,0.49120253164556965
Görükle,10360.0,71.5,2+1,0.8994820640705927,0.63,1.0,0.62,0.85,0.4116666666666666
Görükle,8510.0,62.2,1+1,0.9349702666410896,0.55,0.8339622641509434,0.64,0.6958333333333333,0.4762025316455696
Görükle,6590.0,47.1,1+1,0.9718012660656052,0.54,0.8867924528301887,0.7,0.8033333333333333,0.5217510548523207
Görükle,22320.0,146.3,4+1,0.6700556301553808,0.54,0.9924528301886792,0.67,0.5133333333333333,0.5370675105485232
Görükle,28100.0,146.2,4+1,0.5591789756378285,0.5700000000000001,1.0,0.65,0.9766666666666666,0.5024472573839662
Görükle,22010.0,111.7,3+1,0.676002301937464,0.6,1.0,0.7,0.7516666666666666,0.47120253164556963
Görükle,12430.0,74.2,2+1,0.8597736428160369,0.65,0.9886792452830189,0.6900000000000001,0.8833333333333333,0.47175105485232066
Görükle,20660.0,136.8,4+1,0.7018990984078266,0.58,0.9962264150943396,0.67,0.7874999999999999,0.5696413502109705
Görükle,20860.0,125.6,3+1,0.6980625359677729,0.61,0.9471698113207547,0.7,0.7024999999999999,0.6183966244725738
Görükle,21690.0,123.2,3+1,0.68214080184155,0.45,1.0,0.65,0.6675,0.4815189873417722
Görükle,11170.0,82.0,2+1,0.8839439861883752,0.55,0.8943396226415095,0.7,0.7825,0.5292616033755274
Görükle,13370.0,77.6,2+1,0.8417417993477844,0.49000000000000005,1.0,0.65,0.6649999999999999,0.45510548523206745
Görükle,8990.0,54.2,1+1,0.9257625167849607,0.63,0.9207547169811321,0.67,0.9883333333333333,0.5881645569620253
Görükle,21460.0,137.8,4+1,0.6865528486476118,0.76,1.0,0.5900000000000001,0.9299999999999999,0.4740928270042194
Görükle,14160.0,87.6,2+1,0.8265873777095722,0.5700000000000001,0.9320754716981132,0.6799999999999999,0.8266666666666667,0.6133966244725738
Görükle,9890.0,56.3,1+1,0.908497985804719,0.6900000000000001,1.0,0.58,0.8808333333333334,0.49854430379746834
Görükle,12980.0,87.7,2+1,0.8492230961058891,0.62,1.0,0.6599999999999999,0.5391666666666666,0.5246413502109705
Görükle,10370.0,87.6,2+1,0.89929023594859,0.54,1.0,0.67,0.5116666666666666,0.4575316455696203
Görükle,7550.0,57.2,1+1,0.9533857663533474,0.6799999999999999,0.8566037735849057,0.5700000000000001,0.7749999999999999,0.5148734177215191
Görükle,19070.0,104.6,3+1,0.7323997698062537,0.76,0.9471698113207547,0.62,0.7258333333333332,0.5077637130801688
Görükle,26300.0,128.5,3+1,0.5937080375983119,0.63,0.9056603773584906,0.64,0.6791666666666666,0.46932489451476794
Görükle,15810.0,119.6,3+1,0.794935737579129,0.49000000000000005,0.9245283018867925,0.6,0.37583333333333324,0.4506540084388186
Görükle,11480.0,82.7,2+1,0.8779973144062919,0.5900000000000001,0.8981132075471698,0.74,0.7283333333333333,0.4665189873417722
Görükle,14330.0,94.5,2+1,0.8233262996355266,0.5900000000000001,0.9811320754716981,0.74,0.8033333333333333,0.4769831223628692
Görükle,14800.0,85.8,2+1,0.8143103779014004,0.51,1.0,0.65,0.7075,0.5657383966244726
Görükle,12510.0,75.4,2+1,0.8582390178400153,0.5,0.9622641509433962,0.78,0.6491666666666667,0.5566033755274262
Görükle,8440.0,49.0,1+1,0.9363130634951083,0.62,0.9433962264150944,0.5700000000000001,0.7749999999999999,0.5206540084388186
Görükle,11280.0,77.7,2+1,0.8818338768463456,0.52,0.9811320754716981,0.6900000000000001,0.9016666666666666,0.4870675105485232
Görükle,7590.0,49.8,1+1,0.9526184538653366,0.6,0.9358490566037736,0.6599999999999999,0.6441666666666667,0.6373839662447257
Görükle,13250.0,77.6,2+1,0.8440437368118165,0.41,1.0,0.5700000000000001,0.9766666666666666,0.3958860759493671
Görükle,16590.0,92.7,2+1,0.7799731440629196,0.67,0.9735849056603774,0.67,0.7191666666666667,0.579493670886076
Görükle,5950.0,47.2,1+1,0.9840782658737771,0.5900000000000001,1.0,0.6599999999999999,0.6558333333333333,0.5016666666666667
Görükle,11330.0,63.8,1+1,0.8808747362363323,0.5,0.939622641509434,0.63,0.9766666666666666,0.5197257383966245
Görükle,12240.0,74.8,2+1,0.8634183771340879,0.5599999999999999,0.9849056603773585,0.5900000000000001,0.7516666666666666,0.45542194092827004
Görükle,8320.0,50.3,1+1,0.9386150009591406,0.6,0.9735849056603774,0.5700000000000001,0.9649999999999999,0.4362025316455696
Görükle,28330.0,169.8,4+1,0.5547669288317667,0.67,0.9320754716981132,0.51,0.7374999999999999,0.4565189873417722
Görükle,12690.0,80.3,2+1,0.854786111643967,0.71,1.0,0.6599999999999999,0.8666666666666666,0.5090928270042194
Görükle,12280.0,88.9,2+1,0.8626510646460771,0.5700000000000001,0.9811320754716981,0.64,0.7891666666666666,0.4808860759493671
Görükle,11760.0,76.9,2+1,0.8726261269902168,0.64,0.9320754716981132,0.6,0.7516666666666666,0.4458016877637131
Görükle,11360.0,60.7,1+1,0.8802992518703242,0.54,1.0,0.58,0.7774999999999999,0.5095569620253164
Görükle,17570.0,139.5,4+1,0.7611739881066564,0.43,0.9056603773584906,0.6799999999999999,0.6675,0.44464135021097045
Görükle,14140.0,76.0,2+1,0.8269710339535776,0.5700000000000001,0.9735849056603774,0.6799999999999999,0.8783333333333333,0.5715189873417721
Görükle,18410.0,105.7,3+1,0.7450604258584308,0.6799999999999999,0.9547169811320755,0.76,0.78,0.4384599156118144
Görükle,5810.0,53.2,1+1,0.9867638595818147,0.49000000000000005,0.9660377358490566,0.64,0.0,0.5647257383966244
Görükle,10970.0,86.5,2+1,0.8877805486284289,0.5599999999999999,1.0,0.6900000000000001,0.895,0.49229957805907176
Görükle,8490.0,79.9,2+1,0.935353922885095,0.77,1.0,0.62,0.6941666666666666,0.5322995780590718
Görükle,16450.0,136.0,4+1,0.7826587377709573,0.67,1.0,0.67,0.4041666666666666,0.47831223628691977
Görükle,14080.0,90.3,2+1,0.8281220026855938,0.51,1.0,0.6900000000000001,0.9183333333333332,0.48042194092827
Görükle,14090.0,73.0,2+1,0.827930174563591,0.5900000000000001,0.9584905660377359,0.65,0.7,0.5328481012658228
Görükle,10970.0,83.1,2+1,0.8877805486284289,0.7,1.0,0.63,0.46249999999999997,0.5138607594936708
Görükle,11760.0,78.3,2+1,0.8726261269902168,0.55,0.9433962264150944,0.61,0.8291666666666666,0.48729957805907176
Görükle,16040.0,77.2,2+1,0.7905236907730673,0.53,1.0,0.61,0.7283333333333333,0.4725316455696203
Görükle,11770.0,80.2,2+1,0.8724342988682141,0.6799999999999999,0.8037735849056604,0.75,0.9649999999999999,0.4651898734177215
Görükle,10190.0,54.8,1+1,0.9027431421446384,0.6799999999999999,0.9169811320754717,0.6900000000000001,0.8058333333333333,0.4625316455696203
Özlüce,14550.0,91.3,2+1,0.8191060809514674,0.6,0.769811320754717,0.5900000000000001,0.8758333333333332,0.6517721518987342
Özlüce,8720.0,46.4,1+1,0.9309418760790332,0.5700000000000001,0.8754716981132076,0.75,0.8783333333333333,0.6120042194092827
Özlüce,7480.0,47.3,1+1,0.9547285632073662,0.62,0.7886792452830189,0.6900000000000001,0.7616666666666666,0.6641139240506329
Özlüce,12550.0,55.4,1+1,0.8574717053520046,0.6799999999999999,0.8490566037735849,0.79,0.8008333333333333,0.6261392405063291
Özlüce,10530.0,61.2,1+1,0.8962209859965471,0.6799999999999999,0.7886792452830189,0.62,0.9624999999999999,0.6009071729957807
Özlüce,12210.0,70.6,2+1,0.8639938615000959,0.6,0.7547169811320755,0.67,0.6233333333333333,0.7272362869198312
Özlüce,18830.0,104.4,3+1,0.737003644734318,0.7,0.8377358490566038,0.8099999999999999,0.6533333333333333,0.5555907172995781
Özlüce,22460.0,128.4,3+1,0.6673700364473432,0.65,0.739622641509434,0.71,0.9624999999999999,0.5924683544303798
Özlüce,10400.0,54.0,1+1,0.898714751582582,0.6599999999999999,0.8,0.6799999999999999,0.8008333333333333,0.6263713080168776
Özlüce,16430.0,87.0,2+1,0.7830423940149626,0.58,0.7207547169811321,0.62,0.8033333333333333,0.5882489451476793
Özlüce,10560.0,49.3,1+1,0.895645501630539,0.61,0.6113207547169811,0.5900000000000001,0.8758333333333332,0.6066877637130801
Özlüce,32710.0,169.7,4+1,0.4707462113945905,0.64,0.7924528301886793,0.73,0.815,0.6393459915611814
Özlüce,8750.0,47.2,1+1,0.9303663917130252,0.6799999999999999,0.8452830188679246,0.65,0.7774999999999999,0.550126582278481
Özlüce,13720.0,75.1,2+1,0.8350278150776904,0.6900000000000001,0.7773584905660378,0.71,0.7474999999999999,0.6677848101265823
Özlüce,16120.0,80.9,2+1,0.7889890657970459,0.6,0.8188679245283019,0.6,0.8666666666666666,0.6915400843881856
Özlüce,13490.0,89.3,2+1,0.8394398618837522,0.6599999999999999,0.8188679245283019,0.75,0.8574999999999999,0.6487974683544304
Özlüce,12260.0,80.6,2+1,0.8630347208900825,0.65,0.7283018867924529,0.7,0.4808333333333333,0.5903586497890296
Özlüce,21570.0,110.6,3+1,0.6844427393055822,0.63,0.769811320754717,0.65,0.745,0.5910548523206751
Özlüce,7550.0,48.4,1+1,0.9533857663533474,0.58,0.7924528301886793,0.6599999999999999,0.5766666666666665,0.5376160337552743
Özlüce,28110.0,137.4,4+1,0.5589871475158259,0.5900000000000001,0.8226415094339623,0.72,0.7633333333333332,0.6875527426160337
Özlüce,17630.0,81.1,2+1,0.7600230193746403,0.6,0.7358490566037736,0.6,0.9133333333333332,0.7353586497890297
Özlüce,14900.0,110.7,3+1,0.8123920966813735,0.62,0.7547169811320755,0.74,0.7266666666666666,0.6530168776371308
Özlüce,17990.0,119.7,3+1,0.7531172069825436,0.7,0.7735849056603774,0.73,0.9624999999999999,0.7172362869198312
Özlüce,21190.0,147.9,4+1,0.6917322079416843,0.64,0.7849056603773585,0.67,0.8524999999999999,0.6001265822784809
Özlüce,7850.0,56.8,1+1,0.9476309226932669,0.74,0.7471698113207548,0.76,0.5066666666666666,0.6503586497890295
Özlüce,15620.0,84.1,2+1,0.7985804718971801,0.5900000000000001,0.8113207547169812,0.71,0.9133333333333332,0.6431012658227848
Özlüce,11900.0,70.9,2+1,0.8699405332821791,0.5900000000000001,0.7584905660377359,0.79,0.48166666666666663,0.5724683544303798
Özlüce,14680.0,92.2,2+1,0.8166123153654326,0.61,0.7056603773584906,0.73,0.5483333333333333,0.6962236286919832
Özlüce,11830.0,71.1,2+1,0.871283330136198,0.67,0.7773584905660378,0.63,1.0,0.6582489451476793
Özlüce,20130.0,155.9,4+1,0.7120659888739689,0.64,0.7660377358490567,0.74,0.5958333333333332,0.6693459915611815
Özlüce,34170.0,167.2,4+1,0.4427393055821983,0.61,0.7207547169811321,0.8099999999999999,1.0,0.5809071729957807
Özlüce,16090.0,84.5,2+1,0.7895645501630539,0.54,0.7471698113207548,0.76,0.7399999999999999,0.7166877637130802
Özlüce,13980.0,71.7,2+1,0.8300402839056206,0.62,0.7207547169811321,0.6799999999999999,0.8833333333333333,0.5497257383966245
Özlüce,17410.0,107.0,3+1,0.7642432380586994,0.67,0.6641509433962264,0.75,0.82,0.6451265822784811
Özlüce,27410.0,166.0,4+1,0.5724151160560138,0.73,0.7509433962264151,0.78,0.8833333333333333,0.5931645569620253
Özlüce,11220.0,52.3,1+1,0.8829848455783618,0.65,0.7622641509433963,0.72,0.9158333333333333,0.5498101265822786
Özlüce,13720.0,89.1,2+1,0.8350278150776904,0.71,0.7245283018867925,0.6900000000000001,0.4483333333333333,0.5171518987341772
Özlüce,21860.0,107.7,3+1,0.6788797237675044,0.5,0.7358490566037736,0.63,0.8266666666666667,0.6303586497890296
Özlüce,16610.0,77.4,2+1,0.7795894878189142,0.73,0.8301886792452831,0.79,0.7916666666666666,0.7435654008438819
Özlüce,12170.0,71.7,2+1,0.8647611739881067,0.6,0.7811320754716982,0.73,0.8316666666666667,0.495042194092827
Özlüce,19280.0,161.5,4+1,0.7283713792441973,0.73,0.8037735849056604,0.74,0.7316666666666667,0.5532489451476793
Özlüce,33480.0,169.9,4+1,0.45597544600038364,0.6900000000000001,0.8226415094339623,0.6599999999999999,0.7,0.659662447257384
Özlüce,26730.0,160.2,4+1,0.5854594283521964,0.5900000000000001,0.8679245283018868,0.67,0.7516666666666666,0.5337974683544303
Özlüce,17200.0,106.7,3+1,0.7682716286207558,0.63,0.8150943396226416,0.5900000000000001,0.685,0.5570042194092827
Özlüce,16790.0,71.3,2+1,0.7761365816228659,0.58,0.8075471698113208,0.76,0.8008333333333333,0.575126582278481
Özlüce,12880.0,89.3,2+1,0.851141377325916,0.6900000000000001,0.8301886792452831,0.7,0.8291666666666666,0.6237974683544303
Özlüce,12020.0,75.3,2+1,0.867638595818147,0.6900000000000001,0.8,0.6799999999999999,0.7849999999999999,0.596139240506329
Özlüce,13510.0,83.3,2+1,0.8390562056397468,0.5700000000000001,0.879245283018868,0.6900000000000001,0.8691666666666666,0.6286497890295359
Özlüce,14690.0,75.4,2+1,0.8164204872434299,0.5900000000000001,0.7735849056603774,0.74,0.7541666666666667,0.6627848101265823
Özlüce,14290.0,85.5,2+1,0.8240936121235374,0.64,0.6716981132075472,0.6900000000000001,0.745,0.6583333333333333
Özlüce,14540.0,80.9,2+1,0.8192979090734702,0.73,0.7735849056603774,0.65,0.8691666666666666,0.6440295358649789
Özlüce,24200.0,119.3,3+1,0.6339919432188759,0.71,0.7433962264150944,0.77,0.6933333333333332,0.6487974683544304
Özlüce,14030.0,82.9,2+1,0.8290811432956071,0.65,0.6754716981132076,0.6599999999999999,0.7283333333333333,0.6337974683544303
Özlüce,17940.0,83.6,2+1,0.754076347592557,0.62,0.7849056603773585,0.7,0.6933333333333332,0.7065400843881856
Özlüce,9070.0,48.3,1+1,0.9242278918089392,0.6900000000000001,0.7660377358490567,0.6,0.6533333333333333,0.6043459915611814
Özlüce,13180.0,64.0,1+1,0.8453865336658354,0.6799999999999999,0.7773584905660378,0.6,0.9508333333333332,0.7277848101265822
Özlüce,19130.0,126.6,3+1,0.7312488010742375,0.6799999999999999,0.7962264150943397,0.79,0.57,0.7428691983122363
Özlüce,15520.0,94.0,2+1,0.800498753117207,0.6900000000000001,0.7622641509433963,0.8400000000000001,0.8641666666666666,0.64457805907173
Özlüce,9470.0,62.8,1+1,0.9165547669288318,0.64,0.8264150943396227,0.76,0.7849999999999999,0.5634810126582279
Özlüce,27410.0,125.9,3+1,0.5724151160560138,0.7,0.7547169811320755,0.73,0.9391666666666667,0.7053586497890295
Özlüce,10830.0,81.3,2+1,0.8904661423364665,0.73,0.7132075471698114,0.71,0.6325,0.6448945147679325
Özlüce,8780.0,61.1,1+1,0.9297909073470171,0.6,0.8679245283018868,0.5900000000000001,0.7708333333333334,0.5990295358649789
Özlüce,12980.0,81.8,2+1,0.8492230961058891,0.74,0.8113207547169812,0.6900000000000001,0.82,0.5771518987341773
Özlüce,9590.0,58.4,1+1,0.9142528294647996,0.64,0.7773584905660378,0.6799999999999999,0.8266666666666667,0.685126582278481
Özlüce,19850.0,120.7,3+1,0.7174371762900441,0.67,0.8264150943396227,0.67,0.6766666666666666,0.6642616033755274
Özlüce,16210.0,76.2,2+1,0.7872626126990216,0.64,0.8188679245283019,0.64,0.9275,0.6451265822784811
Özlüce,7790.0,52.1,1+1,0.9487818914252829,0.6,0.7962264150943397,0.7,0.7541666666666667,0.6230168776371308
Özlüce,8200.0,51.7,1+1,0.9409169384231728,0.74,0.7547169811320755,0.73,0.7241666666666666,0.5250421940928269
Özlüce,13740.0,79.0,2+1,0.834644158833685,0.58,0.8716981132075472,0.62,0.6208333333333333,0.5664556962025317
Özlüce,9690.0,61.0,1+1,0.9123345482447727,0.71,0.7660377358490567,0.63,0.605,0.65957805907173
Özlüce,12590.0,113.4,3+1,0.8567043928639939,0.5700000000000001,0.7547169811320755,0.7,0.5716666666666667,0.6672362869198312
Özlüce,11810.0,55.3,1+1,0.8716669863802033,0.61,0.8339622641509434,0.71,0.85,0.5609071729957806
Özlüce,14750.0,93.4,2+1,0.8152695185114138,0.62,0.8415094339622642,0.7,0.8266666666666667,0.6488818565400845
Özlüce,15110.0,89.3,2+1,0.8083637061193171,0.64,0.8754716981132076,0.67,0.8383333333333333,0.6498101265822784
Özlüce,13540.0,71.0,2+1,0.8384807212737387,0.71,0.7132075471698114,0.75,0.8383333333333333,0.679662447257384
Özlüce,11130.0,64.6,1+1,0.884711298676386,0.72,0.8113207547169812,0.75,0.6649999999999999,0.7165400843881856
Özlüce,26550.0,119.3,3+1,0.5889123345482448,0.6,0.7433962264150944,0.79,0.7216666666666667,0.6077848101265824
Özlüce,20350.0,107.0,3+1,0.7078457701899099,0.5900000000000001,0.7773584905660378,0.6900000000000001,0.7,0.7098945147679325
Özlüce,9140.0,53.6,1+1,0.9228850949549204,0.71,0.7886792452830189,0.76,0.5133333333333333,0.6103586497890295
Özlüce,9310.0,63.6,1+1,0.9196240168808747,0.61,0.7584905660377359,0.67,0.9249999999999999,0.6559915611814346
Özlüce,29140.0,140.7,4+1,0.5392288509495492,0.65,0.7245283018867925,0.64,0.7749999999999999,0.6981012658227848
Özlüce,22170.0,94.5,2+1,0.6729330519854211,0.64,0.8264150943396227,0.73,0.8291666666666666,0.5698101265822786
Özlüce,9460.0,48.0,1+1,0.9167465950508344,0.71,0.7320754716981133,0.6599999999999999,0.7399999999999999,0.6270042194092826
Özlüce,9410.0,48.1,1+1,0.9177057356608479,0.5900000000000001,0.8188679245283019,0.6799999999999999,0.7749999999999999,0.6000421940928269
Özlüce,17920.0,120.5,3+1,0.7544600038365624,0.52,0.8452830188679246,0.73,0.7333333333333334,0.6274683544303797
Özlüce,14100.0,102.6,3+1,0.8277383464415884,0.71,0.8490566037735849,0.72,0.8758333333333332,0.6627848101265823
Özlüce,14020.0,93.9,2+1,0.8292729714176098,0.64,0.7660377358490567,0.73,0.6966666666666665,0.610675105485232
Özlüce,32080.0,168.9,4+1,0.4828313830807597,0.61,0.8226415094339623,0.76,0.9133333333333332,0.5590295358649789
Özlüce,10120.0,73.2,2+1,0.9040859389986572,0.6799999999999999,0.7433962264150944,0.5700000000000001,0.825,0.6477848101265823
Özlüce,17770.0,85.2,2+1,0.7573374256666028,0.71,0.8150943396226416,0.6599999999999999,0.9133333333333332,0.6037974683544303
Özlüce,13820.0,84.1,2+1,0.8331095338576635,0.53,0.7245283018867925,0.54,0.9041666666666666,0.5755907172995781
Özlüce,16040.0,89.4,2+1,0.7905236907730673,0.6799999999999999,0.7735849056603774,0.8,0.6399999999999999,0.6535654008438818
Özlüce,11720.0,64.0,1+1,0.8733934394782275,0.6599999999999999,0.9169811320754717,0.71,0.8875,0.7099789029535866
Özlüce,8700.0,57.0,1+1,0.9313255323230385,0.65,0.7735849056603774,0.82,0.71,0.650210970464135
Özlüce,14730.0,85.9,2+1,0.8156531747554192,0.64,0.7547169811320755,0.8400000000000001,0.6466666666666666,0.6291139240506329
Özlüce,19330.0,119.5,3+1,0.7274122386341837,0.76,0.7622641509433963,0.74,0.7708333333333334,0.6500421940928269
Özlüce,7930.0,52.5,1+1,0.9460962977172453,0.79,0.6415094339622642,0.74,0.9183333333333332,0.6640295358649789
Özlüce,18860.0,92.7,2+1,0.73642816036831,0.6599999999999999,0.7886792452830189,0.67,0.6416666666666666,0.6011392405063292
Özlüce,14630.0,75.1,2+1,0.817571455975446,0.64,0.8905660377358491,0.65,0.9016666666666666,0.6817721518987341
Özlüce,18040.0,93.8,2+1,0.7521580663725302,0.6799999999999999,0.7773584905660378,0.77,0.6766666666666666,0.6353586497890296
Özlüce,21660.0,107.7,3+1,0.682716286207558,0.6799999999999999,0.7811320754716982,0.6799999999999999,0.7941666666666667,0.6683333333333333
Özlüce,18360.0,109.9,3+1,0.7460195664684443,0.62,0.8264150943396227,0.67,0.6883333333333332,0.5922362869198312
Özlüce,22460.0,101.3,3+1,0.6673700364473432,0.8,0.7622641509433963,0.73,0.7333333333333334,0.6514556962025317
Özlüce,12140.0,61.5,1+1,0.8653366583541147,0.72,0.7018867924528303,0.62,0.6416666666666666,0.5862236286919831
Özlüce,14040.0,78.3,2+1,0.8288893151736044,0.74,0.7320754716981133,0.76,0.9624999999999999,0.669662447257384
Özlüce,11770.0,72.4,2+1,0.8724342988682141,0.61,0.6981132075471699,0.64,0.8383333333333333,0.6770042194092827
Özlüce,10840.0,52.3,1+1,0.8902743142144638,0.76,0.7660377358490567,0.77,0.7,0.6788818565400845
Özlüce,8300.0,47.9,1+1,0.938998657203146,0.6900000000000001,0.8188679245283019,0.74,0.6933333333333332,0.6717721518987341
Özlüce,10710.0,63.6,1+1,0.8927680798004988,0.61,0.7509433962264151,0.6599999999999999,0.7399999999999999,0.6182489451476794
Özlüce,17400.0,78.8,2+1,0.7644350661807021,0.6799999999999999,0.7849056603773585,0.6799999999999999,0.9299999999999999,0.5691772151898735
Özlüce,14140.0,89.0,2+1,0.8269710339535776,0.8400000000000001,0.8264150943396227,0.65,0.5158333333333334,0.5995780590717299
Özlüce,8850.0,47.0,1+1,0.9284481104929982,0.61,0.7433962264150944,0.65,0.6183333333333333,0.6332489451476793
Özlüce,20860.0,103.4,3+1,0.6980625359677729,0.6900000000000001,0.769811320754717,0.71,0.7166666666666666,0.6511392405063291
Özlüce,33100.0,163.1,4+1,0.46326491463648567,0.55,0.7358490566037736,0.6799999999999999,0.9624999999999999,0.6388818565400844
Özlüce,9140.0,48.8,1+1,0.9228850949549204,0.61,0.7132075471698114,0.67,0.8125,0.7088818565400844
Özlüce,25760.0,153.7,4+1,0.604066756186457,0.65,0.7471698113207548,0.7,0.9066666666666667,0.6066877637130801
Özlüce,7410.0,46.8,1+1,0.956071360061385,0.53,0.7056603773584906,0.71,0.8383333333333333,0.6331645569620253
Özlüce,18200.0,135.9,4+1,0.7490888164204872,0.71,0.739622641509434,0.64,0.5116666666666666,0.7309915611814346
Özlüce,27930.0,154.1,4+1,0.5624400537118741,0.6799999999999999,0.8377358490566038,0.72,0.6491666666666667,0.6177004219409283
Özlüce,10550.0,61.0,1+1,0.8958373297525417,0.67,0.709433962264151,0.6799999999999999,0.6091666666666666,0.6772362869198312
Özlüce,21150.0,111.0,3+1,0.692499520429695,0.45999999999999996,0.8339622641509434,0.72,0.8008333333333333,0.6066877637130801
Özlüce,20260.0,158.5,4+1,0.709572223287934,0.5,0.7849056603773585,0.76,0.31749999999999995,0.600675105485232
Özlüce,24120.0,154.6,4+1,0.6355265681948974,0.62,0.6981132075471699,0.76,0.7474999999999999,0.5991139240506329
Özlüce,30990.0,157.7,4+1,0.5037406483790523,0.6599999999999999,0.8075471698113208,0.67,0.7774999999999999,0.6203586497890295
Özlüce,19500.0,81.4,2+1,0.7241511605601381,0.61,0.7433962264150944,0.67,0.6066666666666667,0.5824683544303798
Özlüce,10350.0,50.4,1+1,0.8996738921925954,0.63,0.7811320754716982,0.6,0.7891666666666666,0.6820042194092827
Özlüce,20340.0,102.1,3+1,0.7080375983119125,0.52,0.769811320754717,0.7,0.7891666666666666,0.6520042194092828
Özlüce,13280.0,73.3,2+1,0.8434682524458086,0.7,0.8339622641509434,0.8,0.7333333333333334,0.7073206751054852
Özlüce,17490.0,86.5,2+1,0.7627086130826779,0.63,0.8264150943396227,0.65,0.8125,0.6680168776371308
Özlüce,12710.0,76.2,2+1,0.8544024553999616,0.6799999999999999,0.7660377358490567,0.64,0.7374999999999999,0.6472362869198311
Özlüce,16140.0,92.0,2+1,0.7886054095530405,0.61,0.7886792452830189,0.7,0.595,0.6481012658227847
Özlüce,9700.0,60.6,1+1,0.91214272012277,0.65,0.7547169811320755,0.73,0.5275,0.5816033755274261
Özlüce,16970.0,118.6,3+1,0.7726836754268176,0.63,0.8188679245283019,0.65,0.7916666666666666,0.6875527426160337
Özlüce,10210.0,63.2,1+1,0.902359485900633,0.6799999999999999,0.7132075471698114,0.8,0.6933333333333332,0.7031012658227848
Özlüce,16450.0,125.7,3+1,0.7826587377709573,0.74,0.8377358490566038,0.71,0.4858333333333333,0.6730168776371308
Özlüce,28510.0,119.3,3+1,0.5513140226357184,0.54,0.7509433962264151,0.75,0.63,0.69957805907173
Özlüce,16530.0,93.0,2+1,0.7811241127949358,0.65,0.8113207547169812,0.82,0.8599999999999999,0.7080168776371308
Özlüce,14290.0,80.8,2+1,0.8240936121235374,0.79,0.7169811320754718,0.74,0.9766666666666666,0.5827848101265822
Özlüce,11990.0,75.7,2+1,0.868214080184155,0.55,0.7849056603773585,0.62,0.8925000000000001,0.5611392405063291
Özlüce,37030.0,169.9,4+1,0.3878764626894303,0.5599999999999999,0.7207547169811321,0.73,0.7516666666666666,0.7202109704641351
Özlüce,18080.0,118.7,3+1,0.7513907538845195,0.73,0.8,0.75,0.6166666666666667,0.6619198312236287
Özlüce,12480.0,77.7,2+1,0.8588145022060234,0.72,0.8264150943396227,0.7,0.9883333333333333,0.7014556962025317
Özlüce,13010.0,60.3,1+1,0.8486476117398811,0.6799999999999999,0.7358490566037736,0.6900000000000001,0.8641666666666666,0.729662447257384
Özlüce,8060.0,51.6,1+1,0.9436025321312105,0.65,0.7132075471698114,0.7,0.7216666666666667,0.6466877637130801
Özlüce,14370.0,93.4,2+1,0.8225589871475159,0.64,0.8264150943396227,0.61,0.85,0.540042194092827
Özlüce,29420.0,159.3,4+1,0.533857663533474,0.6599999999999999,0.8490566037735849,0.65,0.7191666666666667,0.6469198312236286
Özlüce,21950.0,126.6,3+1,0.6771532706694802,0.5700000000000001,0.6830188679245283,0.6599999999999999,0.9883333333333333,0.6327004219409282
Özlüce,8040.0,49.3,1+1,0.9439861883752159,0.5599999999999999,0.7509433962264151,0.71,0.71,0.6503586497890295
Özlüce,15220.0,107.4,3+1,0.8062535967772876,0.64,0.7471698113207548,0.72,0.7733333333333333,0.6440295358649789
Özlüce,14960.0,75.3,2+1,0.8112411279493574,0.67,0.8490566037735849,0.7,0.8266666666666667,0.6232489451476793
Beşevler,21960.0,85.7,2+1,0.6769614425474775,0.89,0.8867924528301887,0.65,0.8175,0.6560759493670887
Beşevler,15860.0,80.3,2+1,0.7939765969691157,0.8300000000000001,0.7773584905660378,0.8,0.705,0.674746835443038
Beşevler,12120.0,85.2,2+1,0.86572031459812,0.89,0.8264150943396227,0.77,0.685,0.7477215189873417
Beşevler,28680.0,118.1,3+1,0.5480529445616728,0.93,0.8075471698113208,0.78,0.7541666666666667,0.6989662447257383
Beşevler,18160.0,109.7,3+1,0.749856128908498,0.76,0.8264150943396227,0.86,0.6183333333333333,0.774831223628692
Beşevler,12910.0,70.0,2+1,0.8505658929599079,0.73,0.7622641509433963,0.74,0.5624999999999999,0.6218565400843882
Beşevler,17950.0,93.2,2+1,0.7538845194705543,0.86,0.8603773584905661,0.7,0.7566666666666667,0.5599789029535864
Beşevler,15960.0,74.8,2+1,0.7920583157490888,0.96,0.8641509433962264,0.76,0.9133333333333332,0.6388818565400844
Beşevler,10750.0,54.5,1+1,0.892000767312488,0.77,0.8679245283018868,0.76,0.6349999999999999,0.689746835443038
Beşevler,27070.0,110.4,3+1,0.5789372722041051,0.75,0.8339622641509434,0.74,0.595,0.6436497890295358
Beşevler,7270.0,45.7,1+1,0.9587569537694226,0.8,0.8528301886792453,0.79,0.6533333333333333,0.5737974683544304
Beşevler,12840.0,74.4,2+1,0.8519086898139268,0.77,0.8490566037735849,0.79,0.6233333333333333,0.6339662447257384
Beşevler,20830.0,84.8,2+1,0.698638020333781,0.77,0.8301886792452831,0.72,0.6091666666666666,0.6186497890295359
Beşevler,12860.0,55.0,1+1,0.8515250335699214,0.9400000000000001,0.9245283018867925,0.77,0.7141666666666666,0.7199789029535865
Beşevler,10430.0,47.8,1+1,0.898139267216574,0.89,0.8905660377358491,0.6900000000000001,0.9766666666666666,0.6100632911392405
Beşevler,21410.0,94.8,2+1,0.6875119892576251,0.78,0.9358490566037736,0.65,0.82,0.779746835443038
Beşevler,28150.0,147.5,4+1,0.5582198350278151,0.8699999999999999,0.9245283018867925,0.71,0.6724999999999999,0.715379746835443
Beşevler,22930.0,93.2,2+1,0.658354114713217,0.8,0.8490566037735849,0.6599999999999999,0.8008333333333333,0.5952109704641351
Beşevler,22080.0,92.6,2+1,0.6746595050834452,0.86,0.8377358490566038,0.8400000000000001,0.7633333333333332,0.6488818565400845
Beşevler,11910.0,47.5,1+1,0.8697487051601764,0.8,0.8528301886792453,0.75,0.8291666666666666,0.639662447257384
Beşevler,18500.0,76.5,2+1,0.7433339727604067,0.9400000000000001,0.9622641509433962,0.7,0.7424999999999999,0.6674050632911392
Beşevler,10150.0,50.9,1+1,0.9035104546326491,0.8699999999999999,0.9056603773584906,0.6599999999999999,0.6908333333333333,0.6608438818565401
Beşevler,19600.0,87.4,2+1,0.7222328793401113,0.82,0.8641509433962264,0.73,0.8925000000000001,0.6694303797468355
Beşevler,23570.0,104.7,3+1,0.646077114905045,0.8,0.7811320754716982,0.73,0.6558333333333333,0.6566244725738397
Beşevler,15630.0,74.5,2+1,0.7983886437751775,0.95,0.9207547169811321,0.8800000000000001,0.9133333333333332,0.6770886075949367
Beşevler,17040.0,77.4,2+1,0.7713408785727988,0.8400000000000001,0.8301886792452831,0.76,0.6258333333333332,0.7370886075949368
Beşevler,10140.0,61.6,1+1,0.9037022827546518,0.8,0.8301886792452831,0.6900000000000001,0.5258333333333333,0.6721729957805908
Beşevler,12270.0,62.7,1+1,0.8628428927680798,0.85,0.8150943396226416,0.8800000000000001,0.6958333333333333,0.6636497890295359
Beşevler,18200.0,82.8,2+1,0.7490888164204872,0.8400000000000001,0.9320754716981132,0.72,0.7658333333333334,0.6937341772151899
Beşevler,24320.0,114.2,3+1,0.6316900057548437,0.8400000000000001,0.8150943396226416,0.79,0.6883333333333332,0.6928691983122363
Beşevler,10040.0,46.4,1+1,0.9056205639746787,0.8300000000000001,0.8264150943396227,0.62,0.6816666666666666,0.6895147679324896
Beşevler,16080.0,83.4,2+1,0.7897563782850566,0.9099999999999999,0.9962264150943396,0.82,0.8808333333333334,0.6660759493670886
Beşevler,23700.0,127.0,3+1,0.6435833493190102,0.8,0.9471698113207547,0.75,0.8083333333333333,0.7739662447257384
Beşevler,8240.0,46.6,1+1,0.940149625935162,0.9800000000000001,0.8226415094339623,0.7,0.6266666666666667,0.6847468354430379
Beşevler,16540.0,61.1,1+1,0.7809322846729331,0.79,0.8490566037735849,0.78,0.7,0.6336497890295358
Beşevler,16870.0,81.2,2+1,0.7746019566468444,0.8400000000000001,0.8867924528301887,0.79,0.8758333333333332,0.6694303797468355
Beşevler,25370.0,104.6,3+1,0.6115480529445616,0.95,0.8905660377358491,0.71,0.8175,0.6249789029535865
Beşevler,22850.0,71.7,2+1,0.6598887396892384,0.99,0.8339622641509434,0.76,0.8266666666666667,0.6089662447257383
Beşevler,30200.0,125.6,3+1,0.5188950700172645,0.9199999999999999,0.8981132075471698,0.8300000000000001,1.0,0.705295358649789
Beşevler,15380.0,114.0,3+1,0.8031843468252446,0.89,0.8603773584905661,0.74,0.5333333333333333,0.6249789029535865
Beşevler,21130.0,123.8,3+1,0.6928831766737004,0.7,0.8905660377358491,0.77,0.6516666666666666,0.71584388185654
Beşevler,47060.0,159.5,4+1,0.19547285632073663,1.0,0.8490566037735849,0.71,1.0,0.6478691983122363
Beşevler,26930.0,102.5,3+1,0.5816228659121427,0.79,0.8981132075471698,0.77,0.7258333333333332,0.5870886075949368
Beşevler,30900.0,121.4,3+1,0.5054671014770765,0.8400000000000001,0.7849056603773585,0.78,0.7374999999999999,0.6918565400843881
Beşevler,27970.0,118.6,3+1,0.5616727412238633,0.8,0.8716981132075472,0.6799999999999999,0.7874999999999999,0.7633333333333333
Beşevler,25430.0,101.8,3+1,0.6103970842125456,0.89,0.7849056603773585,0.82,0.7891666666666666,0.7115400843881856
Beşevler,22790.0,100.7,3+1,0.6610397084212545,0.8699999999999999,0.8981132075471698,0.75,0.8641666666666666,0.7108438818565401
Beşevler,30520.0,141.4,4+1,0.5127565701131787,0.93,0.8226415094339623,0.65,0.9133333333333332,0.7598312236286919
Beşevler,16510.0,83.5,2+1,0.7815077690389411,0.93,0.8,0.77,0.895,0.660295358649789
Beşevler,18540.0,74.1,2+1,0.7425666602723959,0.78,0.8264150943396227,0.73,0.6091666666666666,0.6739662447257384
Beşevler,14930.0,91.1,2+1,0.8118166123153654,0.82,0.7547169811320755,0.77,0.5583333333333332,0.6874050632911393
Beşevler,27160.0,113.2,3+1,0.577210819106081,0.93,0.8641509433962264,0.72,0.8008333333333333,0.6802953586497891
Beşevler,21830.0,93.0,2+1,0.6794552081335123,0.85,0.7320754716981133,0.75,0.8008333333333333,0.6799789029535865
Beşevler,19800.0,100.1,3+1,0.7183963169000576,0.86,0.9018867924528302,0.6599999999999999,0.6816666666666666,0.6024683544303797
Beşevler,24050.0,100.9,3+1,0.6368693650489161,0.89,0.9509433962264151,0.8099999999999999,0.9275,0.6870042194092827
Beşevler,30130.0,136.4,4+1,0.5202378668712833,0.8800000000000001,0.9660377358490566,0.72,0.7258333333333332,0.6259915611814346
Beşevler,13030.0,64.5,1+1,0.8482639554958757,0.9099999999999999,0.9132075471698113,0.7,0.8833333333333333,0.6313080168776372
Beşevler,23920.0,109.8,3+1,0.6393631306349511,0.8400000000000001,0.8716981132075472,0.78,0.7825,0.7281856540084388
Beşevler,18300.0,101.2,3+1,0.7471705352004604,0.82,0.7471698113207548,0.74,0.6325,0.590210970464135
Beşevler,33460.0,165.3,4+1,0.456359102244389,0.96,0.8075471698113208,0.65,0.7283333333333333,0.7089662447257383
Beşevler,26860.0,147.5,4+1,0.5829656627661615,0.85,0.8339622641509434,0.67,0.6066666666666667,0.6313080168776372
Beşevler,20640.0,80.3,2+1,0.702282754651832,0.8400000000000001,0.879245283018868,0.8400000000000001,0.7774999999999999,0.5970886075949366
Beşevler,19640.0,77.5,2+1,0.7214655668521005,0.75,0.8301886792452831,0.8,0.9533333333333334,0.7099789029535866
Beşevler,9430.0,49.7,1+1,0.9173220794168425,0.8800000000000001,0.8603773584905661,0.78,0.9133333333333332,0.6463924050632911
Beşevler,26170.0,136.7,4+1,0.5962018031843468,0.86,0.9018867924528302,0.6900000000000001,0.8125,0.6649789029535864
Beşevler,20050.0,87.1,2+1,0.7136006138499904,1.0,0.8943396226415095,0.79,0.85,0.694746835443038
Beşevler,22390.0,108.2,3+1,0.668712833301362,0.85,0.8528301886792453,0.78,0.5366666666666666,0.6859915611814346
Beşevler,19730.0,110.9,3+1,0.7197391137540763,0.8099999999999999,0.7471698113207548,0.77,0.7874999999999999,0.670210970464135
Beşevler,20580.0,86.8,2+1,0.7034337233838481,0.8800000000000001,0.8377358490566038,0.6900000000000001,0.6766666666666666,0.7413080168776371
Beşevler,12070.0,64.6,1+1,0.8666794552081335,0.8099999999999999,0.8301886792452831,0.76,0.6441666666666667,0.6221729957805907
Beşevler,12040.0,62.1,1+1,0.8672549395741416,0.8300000000000001,0.7584905660377359,0.79,0.8316666666666667,0.6194303797468355
Beşevler,27470.0,116.5,3+1,0.5712641473239977,0.8699999999999999,0.8037735849056604,0.6900000000000001,0.7941666666666667,0.6076371308016877
Beşevler,17000.0,76.8,2+1,0.7721081910608095,0.9800000000000001,0.8377358490566038,0.77,0.8758333333333332,0.725295358649789
Beşevler,9660.0,45.0,1+1,0.9129100326107807,0.78,0.9132075471698113,0.64,0.6958333333333333,0.6665400843881857
Beşevler,27160.0,103.8,3+1,0.577210819106081,0.8800000000000001,0.8415094339622642,0.71,0.8758333333333332,0.6695147679324895
Beşevler,14080.0,72.1,2+1,0.8281220026855938,0.86,0.8113207547169812,0.78,0.8875,0.6824050632911391
Beşevler,21340.0,104.0,3+1,0.688854786111644,0.9199999999999999,0.8226415094339623,0.78,0.9624999999999999,0.6855274261603375
Beşevler,19910.0,81.8,2+1,0.7162862075580281,0.8800000000000001,0.8679245283018868,0.73,0.7774999999999999,0.7023206751054852
Beşevler,11880.0,53.9,1+1,0.8703241895261845,0.9099999999999999,0.8,0.8,0.9391666666666667,0.6233333333333333
Beşevler,13970.0,56.3,1+1,0.8302321120276233,0.78,0.8452830188679246,0.76,0.9508333333333332,0.6705274261603376
Beşevler,19220.0,78.4,2+1,0.7295223479762133,0.78,0.8716981132075472,0.58,0.6116666666666666,0.755295358649789
Beşevler,20180.0,87.0,2+1,0.7111068482639555,0.8,0.8,0.8,0.8125,0.6070042194092826
Beşevler,21070.0,118.5,3+1,0.6940341454057164,0.8099999999999999,0.8301886792452831,0.72,0.8833333333333333,0.6629535864978904
Beşevler,14100.0,71.6,2+1,0.8277383464415884,0.78,0.8981132075471698,0.74,0.6116666666666666,0.6805274261603376
Beşevler,13980.0,87.7,2+1,0.8300402839056206,0.82,0.8981132075471698,0.65,0.36666666666666664,0.6313080168776372
Beşevler,18570.0,77.7,2+1,0.7419911759063879,0.8699999999999999,0.8943396226415095,0.76,0.6375,0.7588185654008439
Beşevler,15560.0,77.9,2+1,0.7997314406291962,0.8,0.7584905660377359,0.71,1.0,0.6463080168776372
Beşevler,36810.0,160.5,4+1,0.3920966813734894,0.9,0.8339622641509434,0.77,0.7849999999999999,0.6620886075949368
Beşevler,10660.0,49.7,1+1,0.8937272204105122,0.8300000000000001,0.9509433962264151,0.78,0.9883333333333333,0.6920886075949367
Beşevler,34670.0,149.5,4+1,0.4331478994820641,0.8699999999999999,0.8981132075471698,0.73,0.8341666666666667,0.7231856540084389
Beşevler,14640.0,73.1,2+1,0.8173796278534433,0.8300000000000001,0.8339622641509434,0.77,0.595,0.6038818565400844
Beşevler,12610.0,60.5,1+1,0.8563207366199885,0.8300000000000001,0.8490566037735849,0.75,0.7541666666666667,0.7274050632911393
Beşevler,12540.0,55.1,1+1,0.8576635334740073,0.8699999999999999,0.8075471698113208,0.8,0.7283333333333333,0.6350632911392404
Beşevler,9480.0,49.9,1+1,0.9163629388068291,0.8699999999999999,0.8,0.9199999999999999,0.5533333333333333,0.7037341772151899
Beşevler,31730.0,118.1,3+1,0.48954536735085363,0.9,0.8377358490566038,0.74,0.9391666666666667,0.7659282700421941
Beşevler,13810.0,75.5,2+1,0.8333013619796662,0.76,0.7811320754716982,0.6599999999999999,0.6891666666666666,0.6995147679324895
Beşevler,8950.0,73.0,2+1,0.9265298292729715,0.9099999999999999,0.8075471698113208,0.77,0.6749999999999999,0.6405274261603375
Beşevler,26120.0,112.2,3+1,0.5971609437943602,0.8099999999999999,0.8490566037735849,0.8699999999999999,0.8291666666666666,0.5931012658227848
Beşevler,20010.0,88.9,2+1,0.7143679263380012,0.89,0.8528301886792453,0.74,0.8641666666666666,0.744198312236287
Beşevler,27510.0,136.9,4+1,0.5704968348359869,0.72,0.8075471698113208,0.8300000000000001,0.8175,0.6802953586497891
Beşevler,18610.0,143.3,4+1,0.7412238634183772,0.86,0.8905660377358491,0.77,0.5141666666666667,0.7740506329113923
Beşevler,26980.0,107.3,3+1,0.5806637253021293,0.8400000000000001,0.7962264150943397,0.73,0.8008333333333333,0.6565400843881857
Beşevler,21370.0,117.5,3+1,0.6882793017456359,0.9,0.8867924528301887,0.79,0.6533333333333333,0.6210759493670887
Beşevler,24040.0,110.0,3+1,0.6370611931709189,0.77,0.7283018867924529,0.67,0.8383333333333333,0.6763080168776372
Beşevler,17600.0,74.2,2+1,0.7605985037406484,0.8800000000000001,0.909433962264151,0.73,0.9649999999999999,0.6610759493670886
Beşevler,25420.0,119.5,3+1,0.6105889123345483,0.8400000000000001,0.8188679245283019,0.7,0.7408333333333333,0.6763924050632911
Beşevler,9540.0,57.0,1+1,0.9152119700748129,0.9,0.8452830188679246,0.82,0.8524999999999999,0.7584177215189873
Beşevler,24570.0,100.8,3+1,0.6268943027047765,0.85,0.8301886792452831,0.65,0.9624999999999999,0.70584388185654
Beşevler,33050.0,143.4,4+1,0.4642240552464991,0.95,0.9245283018867925,0.77,0.7141666666666666,0.7592827004219409
Beşevler,10200.0,53.4,1+1,0.9025513140226358,0.78,0.8716981132075472,0.79,0.6683333333333332,0.625295358649789
Beşevler,24350.0,109.1,3+1,0.6311145213888356,0.93,0.7433962264150944,0.8,0.7258333333333332,0.6375527426160337
Beşevler,24820.0,152.7,4+1,0.6220985996547094,0.8699999999999999,0.969811320754717,0.79,0.3341666666666666,0.6336497890295358
Beşevler,10090.0,53.3,1+1,0.9046614233646653,0.6599999999999999,0.8679245283018868,0.8099999999999999,0.9416666666666667,0.6099789029535865
Beşevler,21640.0,87.2,2+1,0.6830999424515634,0.75,0.8905660377358491,0.86,0.8291666666666666,0.5886497890295359
Beşevler,31550.0,145.1,4+1,0.49299827354690196,0.93,0.9358490566037736,0.78,0.7616666666666666,0.6505274261603375
Beşevler,29290.0,136.9,4+1,0.5363514291195088,0.73,0.8641509433962264,0.65,0.8783333333333333,0.7002953586497891
Beşevler,12080.0,64.5,1+1,0.8664876270861308,0.8099999999999999,0.9283018867924528,0.6900000000000001,0.9533333333333334,0.6162236286919831
Beşevler,17860.0,84.1,2+1,0.7556109725685786,0.9099999999999999,0.909433962264151,0.74,0.8899999999999999,0.6789662447257384
Beşevler,26100.0,114.2,3+1,0.5975446000383656,0.77,0.7924528301886793,0.65,0.7,0.6813924050632911
Beşevler,8950.0,53.3,1+1,0.9265298292729715,0.8800000000000001,0.769811320754717,0.8099999999999999,0.7516666666666666,0.650210970464135
Beşevler,16180.0,71.2,2+1,0.7878380970650297,0.9099999999999999,0.8641509433962264,0.6900000000000001,0.8758333333333332,0.6839662447257384
Beşevler,7560.0,45.5,1+1,0.9531939382313447,0.9800000000000001,0.8,0.75,0.815,0.6702953586497891
Beşevler,9870.0,51.9,1+1,0.9088816420487243,0.8300000000000001,0.8,0.76,0.5275,0.6652953586497891
Beşevler,13540.0,71.8,2+1,0.8384807212737387,0.89,0.7358490566037736,0.75,0.9883333333333333,0.6099789029535865
Beşevler,20710.0,103.7,3+1,0.7009399577978132,0.79,0.8981132075471698,0.75,0.8008333333333333,0.6283333333333334
Beşevler,17200.0,90.0,2+1,0.7682716286207558,0.9099999999999999,0.8641509433962264,0.79,0.5624999999999999,0.7384177215189873
Beşevler,20340.0,108.8,3+1,0.7080375983119125,0.95,0.8679245283018868,0.78,0.9766666666666666,0.7355274261603375
Beşevler,12330.0,76.5,2+1,0.8616919240360637,0.8099999999999999,0.9283018867924528,0.78,0.44166666666666665,0.7010759493670886
Beşevler,22260.0,92.1,2+1,0.6712065988873969,0.76,0.9433962264150944,0.75,0.6933333333333332,0.6413080168776372
Beşevler,12280.0,52.6,1+1,0.8626510646460771,0.85,0.8981132075471698,0.62,0.9299999999999999,0.6652953586497891
Beşevler,8960.0,47.2,1+1,0.9263380011509688,0.8400000000000001,0.9547169811320755,0.79,0.7708333333333334,0.7908438818565401
Beşevler,25700.0,94.8,2+1,0.605217724918473,0.85,0.769811320754717,0.75,0.705,0.6927215189873418
Beşevler,10970.0,48.7,1+1,0.8877805486284289,0.89,0.8415094339622642,0.77,0.7891666666666666,0.7208438818565401
Beşevler,8580.0,46.7,1+1,0.9336274697870708,0.73,0.8603773584905661,0.6799999999999999,0.7991666666666666,0.6320886075949368
Beşevler,11330.0,59.9,1+1,0.8808747362363323,0.8,0.8264150943396227,0.78,0.8266666666666667,0.6394303797468355
Beşevler,31890.0,126.1,3+1,0.4864761173988107,0.85,0.9622641509433962,0.77,0.9508333333333332,0.679662447257384
Beşevler,14460.0,86.3,2+1,0.8208325340494916,0.8699999999999999,0.879245283018868,0.7,0.6583333333333333,0.610675105485232
Beşevler,32590.0,166.0,4+1,0.4730481488586227,0.8699999999999999,0.8037735849056604,0.8099999999999999,0.5183333333333333,0.7759915611814345
Beşevler,28570.0,107.7,3+1,0.5501630539037023,0.8699999999999999,0.8037735849056604,0.6599999999999999,0.7141666666666666,0.6550632911392404
Beşevler,13650.0,74.8,2+1,0.8363706119317091,0.9099999999999999,0.8566037735849057,0.7,0.6583333333333333,0.7413924050632911
Beşevler,10520.0,58.8,1+1,0.8964128141185498,0.8800000000000001,0.8415094339622642,0.6599999999999999,0.85,0.7660759493670886
Beşevler,17710.0,90.5,2+1,0.7584883943986188,0.8699999999999999,0.8905660377358491,0.7,0.6533333333333333,0.670210970464135
Beşevler,10610.0,52.7,1+1,0.8946863610205256,0.93,0.8150943396226416,0.8099999999999999,0.7849999999999999,0.6328691983122363
Beşevler,19940.0,81.1,2+1,0.7157107231920199,0.85,0.8075471698113208,0.74,0.6816666666666666,0.7187341772151898
Beşevler,19300.0,90.5,2+1,0.7279877230001919,0.96,0.8113207547169812,0.75,0.6583333333333333,0.6763924050632911
Beşevler,14140.0,74.4,2+1,0.8269710339535776,0.9099999999999999,0.8264150943396227,0.6900000000000001,0.6425,0.7099789029535866
Beşevler,13110.0,71.4,2+1,0.8467293305198542,0.95,0.8415094339622642,0.6799999999999999,0.4808333333333333,0.6990506329113924
Beşevler,25120.0,103.8,3+1,0.6163437559946288,0.82,0.8943396226415095,0.75,0.63,0.5984177215189873
Beşevler,16600.0,104.3,3+1,0.7797813159409169,0.97,0.8339622641509434,0.75,0.5608333333333333,0.6977848101265822
Beşevler,23140.0,100.7,3+1,0.6543257241511606,0.9400000000000001,0.8,0.8099999999999999,0.9508333333333332,0.6634177215189874
Nilüfer,15880.0,70.4,2+1,0.7935929407251103,0.6900000000000001,0.6830188679245283,0.73,0.6791666666666666,0.7444303797468355
Nilüfer,15030.0,79.0,2+1,0.8098983310953386,0.82,0.6830188679245283,0.9,0.38999999999999996,0.8218565400843882
Nilüfer,23240.0,84.6,2+1,0.6524074429311337,0.71,0.7509433962264151,0.8300000000000001,0.9508333333333332,0.7415400843881856
Nilüfer,15780.0,60.0,1+1,0.7955112219451371,0.74,0.7924528301886793,0.73,0.6908333333333333,0.8013080168776372
Nilüfer,39680.0,149.5,4+1,0.3370420103587186,0.82,0.6528301886792454,0.75,0.7916666666666666,0.7094303797468354
Nilüfer,14910.0,61.5,1+1,0.8122002685593708,0.82,0.6716981132075472,0.8099999999999999,0.9249999999999999,0.7365400843881856
Nilüfer,11390.0,51.0,1+1,0.8797237675043161,0.78,0.7018867924528303,0.8400000000000001,0.8175,0.7907594936708862
Nilüfer,12060.0,59.4,1+1,0.8668712833301362,0.8,0.6905660377358491,0.89,0.6825,0.6791139240506329
Nilüfer,18800.0,79.6,2+1,0.7375791291003261,0.8400000000000001,0.5735849056603773,0.77,0.6116666666666666,0.6581012658227847
Nilüfer,21420.0,88.6,2+1,0.6873201611356226,0.75,0.6075471698113207,0.86,0.7991666666666666,0.6679535864978903
Nilüfer,14680.0,55.5,1+1,0.8166123153654326,0.61,0.739622641509434,0.8699999999999999,0.7541666666666667,0.8437341772151898
Nilüfer,19890.0,76.1,2+1,0.7166698638020335,0.61,0.7962264150943397,0.79,0.9158333333333333,0.6883333333333332
Nilüfer,31780.0,118.8,3+1,0.4885862267408402,0.74,0.7320754716981133,0.82,0.8875,0.7159915611814346
Nilüfer,21030.0,87.6,2+1,0.6948014578937272,0.77,0.7358490566037736,0.82,0.7191666666666667,0.670759493670886
Nilüfer,30080.0,142.1,4+1,0.5211970074812968,0.6900000000000001,0.7735849056603774,0.8400000000000001,0.6699999999999999,0.8266244725738396
Nilüfer,17960.0,83.1,2+1,0.7536926913485517,0.73,0.5924528301886792,0.6900000000000001,0.5441666666666667,0.6959915611814346
Nilüfer,12420.0,49.0,1+1,0.8599654709380395,0.53,0.6603773584905661,0.85,0.9416666666666667,0.6867721518987342
Nilüfer,37050.0,169.8,4+1,0.38749280644542494,0.75,0.7433962264150944,0.85,0.5133333333333333,0.7070042194092827
Nilüfer,24280.0,100.9,3+1,0.6324573182428543,0.75,0.6528301886792454,0.8800000000000001,0.9133333333333332,0.7610759493670887
Nilüfer,14320.0,73.0,2+1,0.8235181277575292,0.79,0.6528301886792454,0.8400000000000001,0.6533333333333333,0.7333333333333334
Nilüfer,31320.0,128.8,3+1,0.49741032035296373,0.77,0.6943396226415095,0.75,0.7541666666666667,0.7638818565400844
Nilüfer,23220.0,70.7,2+1,0.6527910991751391,0.72,0.6867924528301886,0.8099999999999999,0.7516666666666666,0.7270886075949368
Nilüfer,21510.0,92.0,2+1,0.6855937080375983,0.76,0.7207547169811321,0.8099999999999999,0.5508333333333333,0.7148945147679324
Nilüfer,26540.0,123.9,3+1,0.5891041626702475,0.7,0.7471698113207548,0.75,0.9158333333333333,0.7494303797468355
Nilüfer,36010.0,124.5,3+1,0.4074429311337042,0.78,0.7735849056603774,0.75,0.7516666666666666,0.7267721518987342
Nilüfer,19110.0,90.9,2+1,0.7316324573182429,0.8800000000000001,0.739622641509434,0.74,0.7008333333333333,0.7326371308016877
Nilüfer,18280.0,78.7,2+1,0.7475541914444658,0.6599999999999999,0.7018867924528303,0.78,0.78,0.7486497890295358
Nilüfer,20150.0,73.9,2+1,0.7116823326299635,0.76,0.5735849056603773,0.8099999999999999,0.6675,0.6928691983122363
Nilüfer,11280.0,55.7,1+1,0.8818338768463456,0.8,0.7509433962264151,0.89,0.855,0.7536497890295359
Nilüfer,43090.0,147.8,4+1,0.27162862075580285,0.8,0.6566037735849057,0.78,0.8125,0.6754430379746835
Nilüfer,23140.0,84.5,2+1,0.6543257241511606,0.8400000000000001,0.7773584905660378,0.78,0.6066666666666667,0.649662447257384
Nilüfer,23550.0,91.4,2+1,0.6464607711490504,0.8400000000000001,0.7169811320754718,0.76,0.9649999999999999,0.7389662447257384
Nilüfer,17070.0,94.5,2+1,0.7707653942067907,0.73,0.6716981132075472,0.85,0.4233333333333333,0.7672362869198311
Nilüfer,23450.0,81.4,2+1,0.6483790523690773,0.78,0.7169811320754718,0.8300000000000001,0.7399999999999999,0.7986497890295359
Nilüfer,27500.0,89.5,2+1,0.5706886629579897,0.86,0.7320754716981133,0.8800000000000001,0.9391666666666667,0.755210970464135
Nilüfer,34940.0,136.3,4+1,0.4279685401879916,0.8699999999999999,0.7132075471698114,0.79,0.8291666666666666,0.7131012658227848
Nilüfer,20890.0,82.2,2+1,0.6974870516017648,0.73,0.6679245283018868,0.76,0.6883333333333332,0.7325527426160338
Nilüfer,30490.0,110.7,3+1,0.5133320544791866,0.5599999999999999,0.7018867924528303,0.8400000000000001,0.6649999999999999,0.6525527426160338
Nilüfer,22810.0,78.7,2+1,0.6606560521772492,0.74,0.5358490566037736,0.8300000000000001,0.9133333333333332,0.714282700421941
Nilüfer,24540.0,83.8,2+1,0.6274697870707846,0.8400000000000001,0.739622641509434,0.9099999999999999,0.8266666666666667,0.7581856540084388
Nilüfer,13980.0,52.7,1+1,0.8300402839056206,0.72,0.7056603773584906,0.8,0.7024999999999999,0.7815400843881857
Nilüfer,26210.0,87.2,2+1,0.595434490696336,0.72,0.7283018867924529,0.79,0.9766666666666666,0.7354430379746836
Nilüfer,13110.0,51.6,1+1,0.8467293305198542,0.76,0.7358490566037736,0.9,0.7166666666666666,0.7626371308016877
Nilüfer,26000.0,119.5,3+1,0.5994628812583924,0.78,0.8867924528301887,0.79,0.6683333333333332,0.6575527426160337
Nilüfer,26450.0,113.5,3+1,0.5908306157682717,0.74,0.7735849056603774,0.79,0.7749999999999999,0.7470042194092827
Nilüfer,17440.0,81.5,2+1,0.7636677536926914,0.77,0.6905660377358491,0.67,0.6766666666666666,0.760210970464135
Nilüfer,18470.0,79.3,2+1,0.7439094571264147,0.75,0.7358490566037736,0.93,0.6649999999999999,0.7425527426160337
Nilüfer,33660.0,118.3,3+1,0.4525225398043353,0.67,0.7471698113207548,0.78,0.7258333333333332,0.6762236286919832
Nilüfer,15130.0,55.1,1+1,0.8079800498753117,0.6900000000000001,0.7471698113207548,0.77,0.7516666666666666,0.799746835443038
Nilüfer,47680.0,161.2,4+1,0.18357951275657014,0.67,0.6981132075471699,0.74,0.8291666666666666,0.6654430379746835
Nilüfer,15070.0,84.1,2+1,0.8091310186073278,0.6,0.6000000000000001,0.75,0.8875,0.6905274261603376
Nilüfer,13650.0,49.5,1+1,0.8363706119317091,0.73,0.6754716981132076,0.72,0.6649999999999999,0.6909071729957806
Nilüfer,11070.0,48.3,1+1,0.885862267408402,0.8699999999999999,0.6603773584905661,0.77,0.7516666666666666,0.6994303797468355
Nilüfer,39720.0,167.2,4+1,0.33627469787070785,0.78,0.7584905660377359,0.76,0.7175,0.7386497890295358
Nilüfer,10880.0,46.5,1+1,0.8895070017264531,0.65,0.6037735849056604,0.78,0.7916666666666666,0.6920042194092827
Nilüfer,25180.0,119.7,3+1,0.6151927872626126,0.75,0.7245283018867925,0.8400000000000001,0.6141666666666665,0.6631012658227848
Nilüfer,13720.0,51.7,1+1,0.8350278150776904,0.71,0.6981132075471699,0.77,0.6749999999999999,0.7166877637130802
Nilüfer,15640.0,64.3,1+1,0.7981968156531748,0.9,0.7547169811320755,0.9099999999999999,0.9649999999999999,0.7384177215189873
Nilüfer,23940.0,104.7,3+1,0.6389794743909457,0.8,0.7547169811320755,0.8300000000000001,0.5249999999999999,0.7902109704641351
Nilüfer,9260.0,52.6,1+1,0.9205831574908881,0.75,0.7358490566037736,0.75,0.6233333333333333,0.7668565400843882
Nilüfer,10990.0,59.9,1+1,0.8873968923844235,0.8699999999999999,0.739622641509434,0.8,0.6816666666666666,0.7120042194092827
Nilüfer,20010.0,85.9,2+1,0.7143679263380012,0.76,0.7433962264150944,0.76,0.7191666666666667,0.7515400843881856
Nilüfer,28210.0,110.4,3+1,0.557068866295799,0.71,0.8075471698113208,0.76,0.9883333333333333,0.7314556962025317
Nilüfer,21990.0,87.6,2+1,0.6763859581814694,0.73,0.7169811320754718,0.89,0.8875,0.7141983122362869
Nilüfer,11680.0,48.5,1+1,0.8741607519662382,0.74,0.6679245283018868,0.85,0.7683333333333333,0.744198312236287
Nilüfer,32540.0,161.6,4+1,0.47400728946863613,0.8400000000000001,0.7773584905660378,0.77,0.7566666666666667,0.7399789029535865
Nilüfer,40390.0,128.9,3+1,0.3234222136965279,0.77,0.7018867924528303,0.77,0.8383333333333333,0.773649789029536
Nilüfer,21650.0,106.1,3+1,0.6829081143295608,0.67,0.7471698113207548,0.8,0.7591666666666667,0.689662447257384
Nilüfer,30970.0,114.0,3+1,0.5041243046230577,0.8,0.8301886792452831,0.79,1.0,0.709662447257384
Nilüfer,38700.0,117.3,3+1,0.35584116631498175,0.6799999999999999,0.6830188679245283,0.8699999999999999,0.8899999999999999,0.7068565400843883
Nilüfer,20170.0,77.4,2+1,0.7112986763859581,0.82,0.7471698113207548,0.8099999999999999,0.9883333333333333,0.7068565400843883
Nilüfer,17620.0,88.5,2+1,0.760214847496643,0.65,0.6603773584905661,0.8800000000000001,0.7849999999999999,0.65957805907173
Nilüfer,27810.0,103.5,3+1,0.5647419911759064,0.82,0.618867924528302,0.74,0.9649999999999999,0.6587974683544303
Nilüfer,31650.0,126.7,3+1,0.49107999232687516,0.85,0.5735849056603773,0.8099999999999999,0.6183333333333333,0.7694303797468355
Nilüfer,29590.0,150.5,4+1,0.5305965854594283,0.6900000000000001,0.6943396226415095,0.79,0.7024999999999999,0.7610759493670887
Nilüfer,18710.0,71.2,2+1,0.7393055821983503,0.89,0.7320754716981133,0.75,0.9275,0.7254430379746836
Nilüfer,20230.0,75.3,2+1,0.7101477076539421,0.75,0.6528301886792454,0.78,0.6416666666666666,0.8234177215189873
Nilüfer,21480.0,76.9,2+1,0.6861691924036064,0.63,0.5962264150943397,0.8099999999999999,0.85,0.7128691983122363
Nilüfer,18480.0,82.9,2+1,0.7437176290044121,0.64,0.6754716981132076,0.89,0.6533333333333333,0.8418565400843881
Nilüfer,18720.0,74.0,2+1,0.7391137540763476,0.6799999999999999,0.7169811320754718,0.72,0.7308333333333332,0.7237974683544304
Nilüfer,24610.0,120.7,3+1,0.6261269902167658,0.7,0.7283018867924529,0.73,0.855,0.6962236286919832
Nilüfer,15510.0,88.9,2+1,0.8006905812392097,0.75,0.7735849056603774,0.79,0.5016666666666666,0.7685654008438818
Nilüfer,18890.0,62.3,1+1,0.7358526760023019,0.76,0.6641509433962264,0.75,0.9133333333333332,0.7468565400843882
Nilüfer,19520.0,72.9,2+1,0.7237675043161327,0.8400000000000001,0.6566037735849057,0.8099999999999999,0.7308333333333332,0.7333333333333334
Nilüfer,21280.0,82.7,2+1,0.69000575484366,0.77,0.7433962264150944,0.78,0.7258333333333332,0.7043459915611814
Nilüfer,37240.0,150.0,4+1,0.3838480721273738,0.76,0.6641509433962264,0.85,0.7374999999999999,0.685675105485232
Nilüfer,26610.0,89.8,2+1,0.5877613658162286,0.6900000000000001,0.6754716981132076,0.7,0.815,0.6809915611814346
Nilüfer,18360.0,72.5,2+1,0.7460195664684443,0.75,0.7547169811320755,0.77,0.7749999999999999,0.7607594936708861
Nilüfer,17420.0,85.0,2+1,0.7640514099366967,0.8099999999999999,0.7773584905660378,0.8,0.6516666666666666,0.6494303797468355
Nilüfer,27030.0,81.9,2+1,0.5797045846921158,0.7,0.6754716981132076,0.8099999999999999,0.9041666666666666,0.7031012658227848
Nilüfer,11460.0,45.7,1+1,0.8783809706502973,0.77,0.8264150943396227,0.82,0.8641666666666666,0.7281856540084388
Nilüfer,28630.0,114.3,3+1,0.5490120851716862,0.73,0.6566037735849057,0.6599999999999999,0.855,0.7541139240506329
Nilüfer,37000.0,143.2,4+1,0.3884519470554383,0.8,0.7849056603773585,0.71,0.6749999999999999,0.7418565400843882
Nilüfer,22970.0,91.4,2+1,0.6575868022252063,0.73,0.6226415094339622,0.73,0.6649999999999999,0.7990506329113924
Nilüfer,19720.0,80.5,2+1,0.7199309418760791,0.72,0.7433962264150944,0.8300000000000001,0.7399999999999999,0.6615400843881856
Nilüfer,15130.0,60.9,1+1,0.8079800498753117,0.72,0.7886792452830189,0.73,0.8875,0.8041983122362868
Nilüfer,19520.0,72.4,2+1,0.7237675043161327,0.72,0.8264150943396227,0.79,0.7891666666666666,0.7528691983122363
Nilüfer,16650.0,72.0,2+1,0.7788221753309035,0.73,0.618867924528302,0.77,0.5999999999999999,0.6833333333333333
Nilüfer,30990.0,125.0,3+1,0.5037406483790523,0.75,0.679245283018868,0.79,0.8383333333333333,0.6659915611814347
Nilüfer,13430.0,56.0,1+1,0.8405908306157683,0.8300000000000001,0.7132075471698114,0.8,0.7683333333333333,0.690126582278481
Nilüfer,34970.0,122.7,3+1,0.4273930558219835,0.71,0.6943396226415095,0.78,0.6375,0.764198312236287
Nilüfer,14050.0,74.0,2+1,0.8286974870516017,0.8,0.7132075471698114,0.8400000000000001,0.6233333333333333,0.7415400843881856
Nilüfer,25110.0,105.0,3+1,0.6165355841166316,0.8099999999999999,0.7169811320754718,0.7,0.6883333333333332,0.7063080168776372
Nilüfer,24050.0,93.4,2+1,0.6368693650489161,0.9199999999999999,0.739622641509434,0.9199999999999999,0.6749999999999999,0.6636497890295359
Nilüfer,11150.0,50.1,1+1,0.8843276424323806,0.67,0.6716981132075472,0.8300000000000001,0.6583333333333333,0.7244303797468354
Nilüfer,21880.0,78.5,2+1,0.678496067523499,0.65,0.739622641509434,0.71,0.7641666666666667,0.7375527426160338
Nilüfer,19790.0,104.2,3+1,0.7185881450220603,0.79,0.6339622641509435,0.73,0.7758333333333334,0.7009071729957806
Nilüfer,18520.0,78.9,2+1,0.7429503165164013,0.6799999999999999,0.6641509433962264,0.9,0.855,0.6913080168776371
Nilüfer,12710.0,45.5,1+1,0.8544024553999616,0.67,0.6490566037735849,0.74,0.82,0.7078691983122363
Nilüfer,17190.0,76.6,2+1,0.7684634567427585,0.8300000000000001,0.6528301886792454,0.6599999999999999,0.4975,0.7620886075949367
Nilüfer,20320.0,85.0,2+1,0.7084212545559179,0.82,0.7358490566037736,0.9099999999999999,0.7308333333333332,0.7860759493670886
Nilüfer,17190.0,79.3,2+1,0.7684634567427585,0.75,0.6339622641509435,0.8400000000000001,0.6816666666666666,0.7046624472573839
Nilüfer,21090.0,80.5,2+1,0.6936504891617111,0.86,0.7207547169811321,0.9,0.78,0.664662447257384
Nilüfer,14090.0,58.9,1+1,0.827930174563591,0.79,0.7509433962264151,0.72,0.6533333333333333,0.7509071729957806
Nilüfer,21500.0,79.6,2+1,0.685785536159601,0.75,0.7622641509433963,0.8699999999999999,0.8691666666666666,0.7894303797468354
Nilüfer,23200.0,114.3,3+1,0.6531747554191445,0.77,0.7547169811320755,0.78,0.9883333333333333,0.7931856540084388
Nilüfer,28060.0,116.1,3+1,0.5599462881258392,0.74,0.6943396226415095,0.86,0.815,0.7474050632911392
Nilüfer,10520.0,48.9,1+1,0.8964128141185498,0.67,0.6716981132075472,0.8,0.595,0.7178691983122363
Nilüfer,18340.0,70.1,2+1,0.7464032227124496,0.77,0.7509433962264151,0.86,0.9883333333333333,0.8265400843881856
Nilüfer,16330.0,88.6,2+1,0.7849606752349895,0.75,0.7320754716981133,0.82,0.5249999999999999,0.6781012658227847
Nilüfer,10610.0,46.5,1+1,0.8946863610205256,0.5599999999999999,0.6754716981132076,0.78,0.7774999999999999,0.7544303797468355
Nilüfer,18280.0,78.4,2+1,0.7475541914444658,0.6799999999999999,0.6113207547169811,0.8,0.8058333333333333,0.7123206751054852
Nilüfer,10010.0,47.5,1+1,0.9061960483406868,0.76,0.630188679245283,0.76,0.8033333333333333,0.745210970464135
Nilüfer,15650.0,64.2,1+1,0.7980049875311721,0.75,0.7245283018867925,0.77,0.7283333333333333,0.7239662447257383
Nilüfer,30890.0,125.7,3+1,0.5056589295990792,0.82,0.7283018867924529,0.8,0.9883333333333333,0.6831012658227849
Nilüfer,23370.0,93.7,2+1,0.6499136773450989,0.6799999999999999,0.7660377358490567,0.71,0.6649999999999999,0.685210970464135
Nilüfer,32490.0,128.7,3+1,0.4749664300786496,0.71,0.7735849056603774,0.8400000000000001,0.6466666666666666,0.8223206751054852
Nilüfer,12140.0,54.6,1+1,0.8653366583541147,0.74,0.739622641509434,0.71,0.71,0.7907594936708862
Nilüfer,17190.0,76.4,2+1,0.7684634567427585,0.76,0.7584905660377359,0.8099999999999999,0.8341666666666667,0.7581012658227848
Nilüfer,20770.0,87.0,2+1,0.6997889890657971,0.76,0.7207547169811321,0.82,0.855,0.7284177215189873
Nilüfer,35430.0,126.1,3+1,0.41856896220985995,0.75,0.618867924528302,0.79,0.9883333333333333,0.7109071729957805
Nilüfer,15290.0,109.3,3+1,0.8049107999232687,0.85,0.618867924528302,0.82,0.5958333333333332,0.7936497890295358
Nilüfer,26550.0,88.1,2+1,0.5889123345482448,0.79,0.7849056603773585,0.8300000000000001,0.8008333333333333,0.6586497890295359
Nilüfer,21590.0,91.4,2+1,0.6840590830615768,0.7,0.7849056603773585,0.8400000000000001,0.8033333333333333,0.709746835443038
Nilüfer,12260.0,48.9,1+1,0.8630347208900825,0.78,0.679245283018868,0.8,0.8033333333333333,0.6598945147679325
Nilüfer,19790.0,93.1,2+1,0.7185881450220603,0.65,0.6754716981132076,0.79,0.7333333333333334,0.7524050632911392
Nilüfer,13510.0,58.2,1+1,0.8390562056397468,0.8400000000000001,0.6339622641509435,0.8099999999999999,0.815,0.719662447257384
Nilüfer,23350.0,79.4,2+1,0.6502973335891042,0.8699999999999999,0.6452830188679245,0.79,0.9158333333333333,0.7431012658227848
Nilüfer,12800.0,60.7,1+1,0.8526760023019375,0.6,0.7622641509433963,0.8699999999999999,0.72,0.7048945147679324
Nilüfer,32710.0,115.7,3+1,0.4707462113945905,0.89,0.7018867924528303,0.8300000000000001,0.85,0.7720042194092827
Nilüfer,20200.0,79.3,2+1,0.7107231920199502,0.86,0.7169811320754718,0.78,0.6891666666666666,0.7248945147679324
Nilüfer,22730.0,81.6,2+1,0.6621906771532706,0.73,0.7358490566037736,0.8400000000000001,0.9158333333333333,0.6352109704641351
Nilüfer,22290.0,92.7,2+1,0.6706311145213888,0.8099999999999999,0.6679245283018868,0.76,0.7424999999999999,0.6762236286919832
Nilüfer,21650.0,92.8,2+1,0.6829081143295608,0.78,0.6981132075471699,0.79,0.7283333333333333,0.695675105485232
Nilüfer,14440.0,59.8,1+1,0.821216190293497,0.6799999999999999,0.7245283018867925,0.8300000000000001,0.6416666666666666,0.7417721518987341
Nilüfer,37160.0,147.9,4+1,0.38538269710339534,0.76,0.7056603773584906,0.8400000000000001,0.7141666666666666,0.7018565400843881
Nilüfer,28200.0,119.8,3+1,0.5572606944178016,0.74,0.7622641509433963,0.8099999999999999,0.9416666666666667,0.7463080168776371
Nilüfer,11580.0,53.1,1+1,0.8760790331862651,0.8099999999999999,0.5320754716981132,0.75,0.6583333333333333,0.7517721518987341
Nilüfer,34910.0,127.9,3+1,0.42854402455399965,0.8800000000000001,0.6905660377358491,0.8099999999999999,0.78,0.7878691983122363
Nilüfer,16380.0,79.7,2+1,0.784001534624976,0.8,0.7207547169811321,0.8,0.6558333333333333,0.7359915611814346
Çekirge,24570.0,88.6,2+1,0.6268943027047765,0.6799999999999999,0.6867924528301886,0.79,0.8899999999999999,0.7817088607594938
Çekirge,28390.0,94.1,2+1,0.5536159600997506,0.7,0.5811320754716982,0.9199999999999999,0.8433333333333333,0.7298312236286919
Çekirge,27920.0,86.8,2+1,0.5626318818338769,0.75,0.5660377358490566,0.78,0.8758333333333332,0.7720253164556963
Çekirge,25210.0,79.6,2+1,0.6146173028966047,0.55,0.679245283018868,0.8400000000000001,0.9016666666666666,0.8290506329113924
Çekirge,9440.0,50.4,1+1,0.9171302512948398,0.79,0.7358490566037736,0.82,0.46749999999999997,0.754831223628692
Çekirge,17950.0,62.7,1+1,0.7538845194705543,0.6900000000000001,0.6226415094339622,0.8,0.7849999999999999,0.714831223628692
Çekirge,13800.0,50.9,1+1,0.8334931901016689,0.6900000000000001,0.6641509433962264,0.9199999999999999,0.7,0.7928059071729958
Çekirge,32170.0,137.6,4+1,0.48110492998273546,0.74,0.6679245283018868,0.85,0.6766666666666666,0.7506962025316456
Çekirge,27840.0,83.9,2+1,0.5641665068098983,0.6599999999999999,0.7433962264150944,0.74,0.7,0.799915611814346
Çekirge,23380.0,92.2,2+1,0.6497218492230961,0.6799999999999999,0.6075471698113207,0.8,0.8033333333333333,0.8210126582278481
Çekirge,25650.0,89.5,2+1,0.6061768655284865,0.77,0.6490566037735849,0.8400000000000001,0.8125,0.8075738396624472
Çekirge,29190.0,120.5,3+1,0.5382697103395357,0.64,0.7849056603773585,0.9199999999999999,0.9766666666666666,0.7292827004219409
Çekirge,12370.0,46.0,1+1,0.8609246115480529,0.62,0.6490566037735849,0.71,0.6749999999999999,0.7550632911392405
Çekirge,26130.0,79.3,2+1,0.5969691156723576,0.77,0.6943396226415095,0.8400000000000001,0.9249999999999999,0.8185864978902954
Çekirge,32880.0,124.6,3+1,0.46748513332054475,0.6599999999999999,0.6113207547169811,0.8699999999999999,0.8008333333333333,0.7924894514767933
Çekirge,26570.0,94.8,2+1,0.5885286783042394,0.49000000000000005,0.7962264150943397,0.86,0.9016666666666666,0.7964767932489452
Çekirge,31460.0,128.1,3+1,0.49472472664492617,0.62,0.6679245283018868,0.74,0.6958333333333333,0.770464135021097
Çekirge,27590.0,125.5,3+1,0.5689622098599655,0.65,0.6075471698113207,0.86,0.9249999999999999,0.8415611814345991
Çekirge,36370.0,117.5,3+1,0.40053711874160747,0.76,0.7283018867924529,0.8400000000000001,0.9133333333333332,0.8182700421940928
Çekirge,13800.0,48.6,1+1,0.8334931901016689,0.73,0.6377358490566039,0.82,0.8524999999999999,0.8340506329113924
Çekirge,12880.0,61.6,1+1,0.851141377325916,0.61,0.5735849056603773,0.8699999999999999,0.745,0.9011603375527426
Çekirge,14690.0,57.0,1+1,0.8164204872434299,0.73,0.739622641509434,0.9,0.9508333333333332,0.7366244725738396
Çekirge,31800.0,113.2,3+1,0.4882025704968348,0.73,0.6528301886792454,0.8699999999999999,0.8691666666666666,0.7730379746835443
Çekirge,33160.0,165.0,4+1,0.46211394590446964,0.74,0.6981132075471699,0.6900000000000001,0.5858333333333333,0.800379746835443
Çekirge,44600.0,168.0,4+1,0.24266257433339733,0.75,0.6603773584905661,0.9099999999999999,0.8783333333333333,0.7979535864978904
Çekirge,16070.0,72.2,2+1,0.7899482064070593,0.67,0.7283018867924529,0.86,0.6583333333333333,0.7810759493670887
Çekirge,25610.0,106.7,3+1,0.6069441780164972,0.6599999999999999,0.6075471698113207,0.85,0.8458333333333334,0.8153797468354431
Çekirge,20870.0,85.9,2+1,0.6978707078457702,0.65,0.6641509433962264,0.76,0.5483333333333333,0.7772573839662447
Çekirge,33850.0,120.6,3+1,0.4488778054862843,0.72,0.6754716981132076,0.85,0.8316666666666667,0.7559282700421941
Çekirge,17730.0,83.9,2+1,0.7581047381546134,0.75,0.6830188679245283,0.96,0.7774999999999999,0.799367088607595
Çekirge,10370.0,47.9,1+1,0.89929023594859,0.6900000000000001,0.7056603773584906,0.93,0.7941666666666667,0.6861603375527426
Çekirge,16290.0,59.8,1+1,0.7857279877230002,0.72,0.6264150943396226,0.85,0.9766666666666666,0.7864767932489451
Çekirge,39280.0,159.6,4+1,0.344715135238826,0.71,0.6000000000000001,0.9800000000000001,0.855,0.8259282700421942
Çekirge,20210.0,85.3,2+1,0.7105313638979475,0.74,0.6716981132075472,0.8300000000000001,0.9249999999999999,0.7735864978902953
Çekirge,20150.0,72.1,2+1,0.7116823326299635,0.62,0.630188679245283,0.82,0.9649999999999999,0.790379746835443
Çekirge,21710.0,71.5,2+1,0.6817571455975446,0.6799999999999999,0.6867924528301886,0.7,0.9041666666666666,0.7598312236286919
Çekirge,18950.0,86.4,2+1,0.7347017072702858,0.65,0.7132075471698114,0.8099999999999999,0.5508333333333333,0.8614767932489451
Çekirge,32130.0,156.7,4+1,0.4818722424707462,0.8099999999999999,0.7358490566037736,0.8300000000000001,0.5599999999999999,0.6974894514767933
Çekirge,11440.0,46.0,1+1,0.8787646268943027,0.78,0.6679245283018868,0.79,0.6816666666666666,0.869915611814346
Çekirge,12810.0,45.1,1+1,0.8524841741799347,0.74,0.7773584905660378,0.9,0.9041666666666666,0.7661603375527426
Çekirge,36120.0,118.7,3+1,0.4053328217916746,0.74,0.6490566037735849,0.8300000000000001,0.855,0.8473417721518988
Çekirge,15850.0,86.4,2+1,0.7941684250911183,0.6,0.6943396226415095,0.8800000000000001,0.4716666666666666,0.7740506329113923
Çekirge,13370.0,50.2,1+1,0.8417417993477844,0.7,0.6000000000000001,0.79,0.9766666666666666,0.8888185654008438
Çekirge,15100.0,55.5,1+1,0.8085555342413198,0.6799999999999999,0.7245283018867925,0.8300000000000001,0.7749999999999999,0.7568565400843882
Çekirge,15640.0,64.5,1+1,0.7981968156531748,0.74,0.7283018867924529,0.8,0.645,0.8614767932489451
Çekirge,21530.0,73.4,2+1,0.685210051793593,0.63,0.7320754716981133,0.8800000000000001,0.6791666666666666,0.7911603375527426
Çekirge,17760.0,61.3,1+1,0.7575292537886054,0.71,0.7207547169811321,0.9099999999999999,0.6908333333333333,0.7740506329113923
Çekirge,12430.0,51.6,1+1,0.8597736428160369,0.74,0.5962264150943397,0.8699999999999999,0.7474999999999999,0.8822573839662446
Çekirge,26560.0,117.8,3+1,0.5887205064262421,0.76,0.6716981132075472,0.8,0.6683333333333332,0.7767088607594936
Çekirge,28680.0,105.1,3+1,0.5480529445616728,0.65,0.6264150943396226,0.8300000000000001,0.7825,0.6850632911392405
Çekirge,27100.0,122.5,3+1,0.5783617878380971,0.6900000000000001,0.7207547169811321,0.85,0.82,0.7620253164556963
Çekirge,21030.0,83.6,2+1,0.6948014578937272,0.74,0.6603773584905661,0.8300000000000001,0.7191666666666667,0.8314767932489451
Çekirge,25820.0,81.2,2+1,0.6029157874544409,0.74,0.7245283018867925,0.77,0.8783333333333333,0.7696835443037975
Çekirge,49960.0,163.7,4+1,0.13984270093995776,0.6599999999999999,0.7018867924528303,0.97,0.6325,0.810464135021097
Çekirge,29330.0,102.3,3+1,0.5355841166314982,0.6799999999999999,0.6264150943396226,0.89,0.7424999999999999,0.7225738396624473
Çekirge,22020.0,91.0,2+1,0.6758104738154613,0.64,0.6528301886792454,0.9199999999999999,0.7424999999999999,0.7719409282700422
Çekirge,18460.0,79.9,2+1,0.7441012852484175,0.65,0.769811320754717,0.9,0.7075,0.6774050632911393
Çekirge,22350.0,81.0,2+1,0.6694801457893726,0.6900000000000001,0.6150943396226416,0.86,0.9066666666666667,0.8188185654008439
Çekirge,17880.0,77.1,2+1,0.7552273163245732,0.6900000000000001,0.5660377358490566,0.75,0.9249999999999999,0.7717088607594937
Çekirge,15780.0,84.4,2+1,0.7955112219451371,0.74,0.5433962264150943,0.8400000000000001,0.565,0.7791350210970465
Çekirge,12730.0,49.4,1+1,0.8540187991559562,0.75,0.6226415094339622,0.8099999999999999,0.7541666666666667,0.8166244725738396
Çekirge,33900.0,137.6,4+1,0.44791866487627086,0.67,0.6415094339622642,0.8400000000000001,0.9016666666666666,0.7774894514767933
Çekirge,20380.0,93.2,2+1,0.7072702858239017,0.72,0.6943396226415095,0.8800000000000001,0.855,0.744367088607595
Çekirge,22220.0,85.6,2+1,0.6719739113754076,0.58,0.6490566037735849,0.8400000000000001,0.8266666666666667,0.8031223628691984
Çekirge,11050.0,51.7,1+1,0.8862459236524074,0.8,0.5962264150943397,0.8,0.5999999999999999,0.8319409282700422
Çekirge,32450.0,112.4,3+1,0.47573374256666023,0.72,0.6075471698113207,0.8800000000000001,0.9533333333333334,0.7685021097046414
Çekirge,32650.0,119.7,3+1,0.47189718012660653,0.75,0.739622641509434,0.86,0.8383333333333333,0.760379746835443
Çekirge,10620.0,46.2,1+1,0.8944945328985229,0.74,0.5962264150943397,0.86,0.6558333333333333,0.7963924050632911
Çekirge,19220.0,73.5,2+1,0.7295223479762133,0.72,0.5811320754716982,0.8800000000000001,0.6425,0.8472573839662447
Çekirge,32100.0,120.0,3+1,0.4824477268367543,0.64,0.569811320754717,0.9800000000000001,0.6775,0.7777215189873418
Çekirge,25550.0,111.1,3+1,0.6080951467485134,0.77,0.7169811320754718,0.85,0.8458333333333334,0.7450632911392405
Çekirge,18500.0,53.0,1+1,0.7433339727604067,0.6599999999999999,0.6226415094339622,0.8400000000000001,0.5133333333333333,0.7595991561181434
Çekirge,25890.0,110.3,3+1,0.601572990600422,0.53,0.5849056603773585,0.9099999999999999,0.7141666666666666,0.8188185654008439
Çekirge,21650.0,92.4,2+1,0.6829081143295608,0.75,0.618867924528302,0.77,0.6933333333333332,0.7543670886075949
Çekirge,18200.0,55.9,1+1,0.7490888164204872,0.64,0.7471698113207548,0.8099999999999999,0.9624999999999999,0.7900632911392405
Çekirge,12660.0,46.6,1+1,0.8553615960099751,0.77,0.7207547169811321,0.8800000000000001,0.6208333333333333,0.829831223628692
Çekirge,12200.0,52.1,1+1,0.8641856896220986,0.65,0.6754716981132076,0.8400000000000001,0.5508333333333333,0.7911603375527426
Çekirge,12890.0,83.1,2+1,0.8509495492039133,0.75,0.6566037735849057,0.78,0.2241666666666667,0.8559282700421942
Çekirge,13340.0,73.0,2+1,0.8423172837137924,0.73,0.6830188679245283,0.8400000000000001,0.5933333333333333,0.7885864978902954
Çekirge,38040.0,125.1,3+1,0.368501822367159,0.62,0.6490566037735849,0.8400000000000001,0.6841666666666666,0.8467932489451477
Çekirge,15440.0,53.6,1+1,0.8020333780932285,0.71,0.5622641509433962,0.8099999999999999,0.6533333333333333,0.8169409282700422
Çekirge,33740.0,162.9,4+1,0.4509879148283138,0.71,0.6339622641509435,0.78,0.8058333333333333,0.7928059071729958
Çekirge,12330.0,58.7,1+1,0.8616919240360637,0.76,0.7169811320754718,0.78,0.41583333333333333,0.7733544303797468
Çekirge,29700.0,91.1,2+1,0.5284864761173989,0.71,0.6075471698113207,0.8099999999999999,0.8408333333333333,0.7422573839662447
Çekirge,41440.0,165.9,4+1,0.30328026088624593,0.62,0.6754716981132076,0.86,0.8574999999999999,0.8122573839662447
Çekirge,29310.0,112.4,3+1,0.5359677728755036,0.6900000000000001,0.6490566037735849,0.8099999999999999,0.9016666666666666,0.8212447257383966
Çekirge,26670.0,93.8,2+1,0.5866103970842125,0.7,0.7018867924528303,0.8699999999999999,0.7916666666666666,0.7224894514767932
Çekirge,25730.0,115.1,3+1,0.604642240552465,0.74,0.679245283018868,1.0,0.8433333333333333,0.789831223628692
Çekirge,14610.0,50.6,1+1,0.8179551122194514,0.75,0.6377358490566039,0.8400000000000001,0.6416666666666666,0.7611603375527427
Çekirge,16800.0,59.2,1+1,0.7759447535008632,0.64,0.6716981132075472,0.89,0.8033333333333333,0.7516244725738397
Çekirge,20120.0,70.5,2+1,0.7122578169959717,0.6,0.6943396226415095,0.8800000000000001,0.8458333333333334,0.7169409282700423
Çekirge,15630.0,55.6,1+1,0.7983886437751775,0.53,0.6075471698113207,0.8800000000000001,0.7633333333333332,0.8278059071729957
Çekirge,19680.0,94.2,2+1,0.7206982543640899,0.65,0.6226415094339622,0.86,0.7658333333333334,0.791476793248945
Çekirge,19620.0,59.8,1+1,0.7218492230961059,0.8099999999999999,0.5886792452830188,0.76,0.9391666666666667,0.7838185654008438
Çekirge,32070.0,152.7,4+1,0.48302321120276237,0.72,0.6075471698113207,0.76,0.9533333333333334,0.7917932489451477
Çekirge,22120.0,120.3,3+1,0.6738921925954344,0.6799999999999999,0.7849056603773585,0.8,0.7566666666666667,0.745295358649789
Çekirge,26160.0,120.8,3+1,0.5963936313063496,0.71,0.6905660377358491,0.82,0.6141666666666665,0.7982700421940928
Çekirge,25450.0,104.7,3+1,0.6100134279685402,0.65,0.6603773584905661,0.9400000000000001,0.6066666666666667,0.7331856540084389
Çekirge,18010.0,55.5,1+1,0.7527335507385382,0.67,0.679245283018868,0.8800000000000001,0.8125,0.7606962025316455
Çekirge,11380.0,51.0,1+1,0.8799155956263188,0.58,0.6830188679245283,0.86,0.5141666666666667,0.799831223628692
Çekirge,27810.0,119.0,3+1,0.5647419911759064,0.77,0.7132075471698114,0.8400000000000001,0.7191666666666667,0.804831223628692
Çekirge,17380.0,77.6,2+1,0.7648187224247075,0.78,0.6641509433962264,0.95,0.4133333333333333,0.7790506329113924
Çekirge,17380.0,79.8,2+1,0.7648187224247075,0.63,0.6113207547169811,0.8400000000000001,0.44583333333333325,0.8077215189873418
Çekirge,23680.0,81.5,2+1,0.6439670055630156,0.6599999999999999,0.5811320754716982,0.9099999999999999,0.7166666666666666,0.8477215189873417
Çekirge,23860.0,80.6,2+1,0.6405140993669671,0.61,0.6905660377358491,0.86,0.7774999999999999,0.7941350210970464
Çekirge,10930.0,46.3,1+1,0.8885478611164397,0.8099999999999999,0.6603773584905661,0.8699999999999999,0.8641666666666666,0.7519409282700422
Çekirge,18150.0,85.2,2+1,0.7500479570305006,0.71,0.6603773584905661,0.9199999999999999,0.6583333333333333,0.8030379746835443
Çekirge,15390.0,70.3,2+1,0.8029925187032418,0.6799999999999999,0.6452830188679245,0.8300000000000001,0.7,0.7589662447257384
Çekirge,21880.0,78.6,2+1,0.678496067523499,0.6799999999999999,0.6490566037735849,0.85,0.7258333333333332,0.7606962025316455
Çekirge,36160.0,135.1,4+1,0.40456550930366386,0.7,0.679245283018868,0.73,0.8125,0.7264767932489451
Çekirge,21890.0,93.1,2+1,0.6783042394014962,0.6900000000000001,0.6867924528301886,1.0,0.7383333333333333,0.7466244725738396
Çekirge,31940.0,116.1,3+1,0.48551697678879724,0.72,0.6528301886792454,0.9199999999999999,0.6533333333333333,0.8814767932489451
Çekirge,31520.0,125.7,3+1,0.49357375791291,0.71,0.7056603773584906,0.96,0.6825,0.8043670886075949
Çekirge,12960.0,52.9,1+1,0.8496067523498945,0.78,0.679245283018868,0.9099999999999999,1.0,0.7435021097046413
Çekirge,28220.0,102.4,3+1,0.5568770381737963,0.5599999999999999,0.6603773584905661,0.8800000000000001,0.7399999999999999,0.7670253164556962
Çekirge,23860.0,84.9,2+1,0.6405140993669671,0.62,0.5660377358490566,0.79,0.8875,0.7545147679324895
Çekirge,27200.0,91.4,2+1,0.5764435066180702,0.6900000000000001,0.7886792452830189,0.8400000000000001,0.8266666666666667,0.8106962025316455
Çekirge,12730.0,47.6,1+1,0.8540187991559562,0.62,0.6377358490566039,0.9199999999999999,0.8008333333333333,0.7656118143459916
Çekirge,57250.0,168.7,4+1,0.0,0.6900000000000001,0.6905660377358491,0.8300000000000001,0.7658333333333334,0.8043670886075949
Çekirge,52100.0,165.8,4+1,0.09879148283138306,0.62,0.6716981132075472,0.82,0.6649999999999999,0.7956118143459916
Çekirge,10220.0,46.6,1+1,0.9021676577786304,0.72,0.6000000000000001,0.89,0.6116666666666666,0.8135864978902954
Çekirge,12160.0,61.2,1+1,0.8649530021101093,0.6799999999999999,0.6339622641509435,0.82,0.82,0.8151476793248945
Çekirge,14920.0,64.1,1+1,0.8120084404373681,0.67,0.6528301886792454,0.89,0.7399999999999999,0.8412447257383966
Çekirge,20280.0,112.1,3+1,0.7091885670439286,0.71,0.6754716981132076,0.9,0.855,0.7740506329113923
Çekirge,15150.0,93.4,2+1,0.8075963936313063,0.8,0.679245283018868,0.89,0.5974999999999999,0.8254641350210971
Çekirge,11860.0,49.9,1+1,0.8707078457701899,0.67,0.6830188679245283,0.8400000000000001,0.745,0.7619409282700422
Çekirge,41150.0,128.4,3+1,0.30884327642432385,0.6599999999999999,0.7358490566037736,0.9199999999999999,1.0,0.8225738396624472
Çekirge,19070.0,76.6,2+1,0.7323997698062537,0.79,0.7358490566037736,0.8099999999999999,0.9416666666666667,0.8064767932489452
Çekirge,19760.0,88.7,2+1,0.7191636293880683,0.79,0.5320754716981132,0.89,0.9275,0.8161603375527426
Çekirge,18690.0,70.4,2+1,0.7396892384423557,0.8,0.6452830188679245,0.9,0.7166666666666666,0.7559282700421941
Çekirge,16570.0,73.9,2+1,0.780356800306925,0.7,0.7358490566037736,0.8699999999999999,0.6766666666666666,0.8606962025316456
Çekirge,18740.0,76.1,2+1,0.7387300978323422,0.65,0.6113207547169811,0.8300000000000001,0.7283333333333333,0.849367088607595
Çekirge,22970.0,79.8,2+1,0.6575868022252063,0.67,0.6452830188679245,0.85,0.8225,0.7561603375527426
Çekirge,13360.0,86.0,2+1,0.8419336274697871,0.73,0.6264150943396226,0.85,0.3833333333333333,0.8212447257383966
Çekirge,43580.0,147.8,4+1,0.26222904277767123,0.77,0.5660377358490566,0.9400000000000001,0.8225,0.7554641350210971
Çekirge,19930.0,70.2,2+1,0.7159025513140227,0.6799999999999999,0.6339622641509435,0.8400000000000001,0.8341666666666667,0.8301476793248945
Çekirge,33610.0,164.6,4+1,0.4534816804143488,0.82,0.6339622641509435,0.8800000000000001,0.23333333333333334,0.8143670886075949
Çekirge,17200.0,89.0,2+1,0.7682716286207558,0.62,0.618867924528302,0.9,0.8133333333333332,0.7711603375527427
Çekirge,25090.0,116.8,3+1,0.616919240360637,0.71,0.6679245283018868,0.75,0.7283333333333333,0.7712447257383965
Çekirge,23010.0,94.8,2+1,0.6568194897371955,0.53,0.6943396226415095,0.8400000000000001,0.8383333333333333,0.8106118143459916
Çekirge,27910.0,125.0,3+1,0.5628237099558795,0.67,0.6905660377358491,0.9099999999999999,0.7683333333333333,0.6931856540084389
Çekirge,17850.0,75.4,2+1,0.7558028006905813,0.6599999999999999,0.5433962264150943,0.82,0.9016666666666666,0.8217088607594937
Çekirge,14410.0,52.2,1+1,0.8217916746595051,0.67,0.7169811320754718,0.8,1.0,0.760379746835443
Çekirge,15990.0,49.5,1+1,0.7914828313830807,0.75,0.6679245283018868,0.8400000000000001,0.9041666666666666,0.7764767932489451
Çekirge,19290.0,59.6,1+1,0.7281795511221945,0.74,0.6679245283018868,0.76,0.85,0.7478059071729958
Çekirge,36230.0,140.4,4+1,0.40322271244964514,0.77,0.7660377358490567,0.8800000000000001,0.9766666666666666,0.7177215189873418
Çekirge,37650.0,156.4,4+1,0.3759831191252637,0.75,0.630188679245283,0.78,0.7258333333333332,0.7819409282700422
Çekirge,33580.0,109.5,3+1,0.45405716478035685,0.5900000000000001,0.739622641509434,0.9099999999999999,0.8758333333333332,0.8770253164556963
Çekirge,12850.0,47.3,1+1,0.8517168616919241,0.67,0.5962264150943397,0.72,0.7891666666666666,0.8166244725738396
Çekirge,20600.0,109.8,3+1,0.7030500671398427,0.6900000000000001,0.6113207547169811,0.9099999999999999,0.4666666666666667,0.6890506329113923
Heykel,12490.0,47.7,1+1,0.8586226740840207,0.9,0.6415094339622642,0.45999999999999996,0.9883333333333333,0.6362447257383965
Heykel,12740.0,58.1,1+1,0.8538269710339536,0.97,0.679245283018868,0.6900000000000001,0.6141666666666665,0.7039029535864979
Heykel,32340.0,155.2,4+1,0.47784385190868983,0.9400000000000001,0.6339622641509435,0.54,0.7166666666666666,0.685
Heykel,44470.0,169.4,4+1,0.2451563399194322,0.89,0.6452830188679245,0.6599999999999999,0.8641666666666666,0.735
Heykel,19240.0,90.4,2+1,0.729138691732208,0.99,0.5283018867924528,0.72,0.5133333333333333,0.6950000000000001
Heykel,18340.0,78.4,2+1,0.7464032227124496,0.86,0.558490566037736,0.6599999999999999,0.9391666666666667,0.6862447257383966
Heykel,22320.0,100.4,3+1,0.6700556301553808,0.85,0.5660377358490566,0.74,0.7308333333333332,0.765
Heykel,14010.0,58.3,1+1,0.8294647995396125,0.8800000000000001,0.6528301886792454,0.54,0.6608333333333334,0.725
Heykel,16140.0,78.9,2+1,0.7886054095530405,0.8699999999999999,0.6830188679245283,0.76,0.8175,0.6981223628691983
Heykel,12680.0,56.4,1+1,0.8549779397659697,1.0,0.6264150943396226,0.5700000000000001,0.7166666666666666,0.775
Heykel,18180.0,81.4,2+1,0.7494724726644926,0.8099999999999999,0.6264150943396226,0.6,0.6675,0.6981223628691983
Heykel,40140.0,159.9,4+1,0.32821791674659506,0.95,0.5094339622641509,0.7,0.7258333333333332,0.725
Heykel,18950.0,104.1,3+1,0.7347017072702858,0.99,0.5773584905660378,0.64,0.63,0.7044514767932489
Heykel,36080.0,142.0,4+1,0.4061001342796854,0.85,0.6754716981132076,0.55,0.9299999999999999,0.755
Heykel,38140.0,122.6,3+1,0.3665835411471322,0.89,0.709433962264151,0.65,0.9649999999999999,0.6799999999999999
Heykel,22860.0,93.9,2+1,0.6596969115672358,0.8099999999999999,0.6339622641509435,0.5700000000000001,0.7241666666666666,0.72
Heykel,24860.0,106.4,3+1,0.6213312871666987,0.78,0.6830188679245283,0.6599999999999999,0.855,0.6704641350210971
Heykel,32140.0,117.7,3+1,0.48168041434874354,0.9,0.6754716981132076,0.67,0.7024999999999999,0.6596835443037974
Heykel,20360.0,85.7,2+1,0.7076539420679071,0.95,0.6981132075471699,0.64,0.9624999999999999,0.6723417721518987
Heykel,14410.0,94.1,2+1,0.8217916746595051,1.0,0.5773584905660378,0.78,0.5366666666666666,0.705
Heykel,18050.0,83.1,2+1,0.7519662382505276,0.9099999999999999,0.6679245283018868,0.53,0.6183333333333333,0.7452320675105486
Heykel,18780.0,73.7,2+1,0.7379627853443315,0.9,0.6339622641509435,0.6,0.9249999999999999,0.72
Heykel,20020.0,83.9,2+1,0.7141760982159985,0.93,0.6150943396226416,0.58,0.9249999999999999,0.71
Heykel,8600.0,47.9,1+1,0.9332438135430654,0.99,0.739622641509434,0.61,0.5933333333333333,0.78
Heykel,19770.0,83.2,2+1,0.7189718012660655,0.96,0.6000000000000001,0.67,0.8366666666666667,0.8049999999999999
Heykel,13490.0,55.8,1+1,0.8394398618837522,1.0,0.6075471698113207,0.63,0.7966666666666666,0.72
Heykel,26630.0,93.6,2+1,0.5873777095722232,0.86,0.6754716981132076,0.7,0.8108333333333333,0.69
Heykel,17310.0,93.7,2+1,0.7661615192787262,0.79,0.5358490566037736,0.61,0.82,0.74
Heykel,11020.0,51.4,1+1,0.8868214080184155,0.82,0.5962264150943397,0.6900000000000001,0.5299999999999999,0.715
Heykel,30710.0,150.0,4+1,0.5091118357951276,0.85,0.6716981132075472,0.6900000000000001,0.7399999999999999,0.685
Heykel,19340.0,79.9,2+1,0.7272204105121811,0.8400000000000001,0.7018867924528303,0.6799999999999999,0.7891666666666666,0.775
Heykel,18640.0,94.2,2+1,0.740648379052369,0.9400000000000001,0.5056603773584906,0.62,0.6399999999999999,0.7078059071729959
Heykel,16280.0,64.2,1+1,0.7859198158450029,0.85,0.5245283018867924,0.5700000000000001,0.8875,0.72
Heykel,25720.0,101.7,3+1,0.6048340686744677,0.95,0.6603773584905661,0.8,0.6841666666666666,0.7057805907172996
Heykel,18070.0,77.7,2+1,0.7515825820065222,0.95,0.5924528301886792,0.58,0.7891666666666666,0.74
Heykel,21590.0,82.2,2+1,0.6840590830615768,0.85,0.6377358490566039,0.53,0.8524999999999999,0.6280379746835443
Heykel,11660.0,49.8,1+1,0.8745444082102436,1.0,0.6339622641509435,0.5900000000000001,0.7774999999999999,0.724451476793249
Heykel,24540.0,105.4,3+1,0.6274697870707846,0.9400000000000001,0.618867924528302,0.6799999999999999,0.6816666666666666,0.71
Heykel,41220.0,164.3,4+1,0.307500479570305,0.89,0.6981132075471699,0.53,0.7516666666666666,0.6681223628691983
Heykel,24130.0,92.1,2+1,0.6353347400728947,0.97,0.6641509433962264,0.62,0.7,0.7
Heykel,15570.0,59.9,1+1,0.7995396125071935,0.85,0.558490566037736,0.6900000000000001,0.7774999999999999,0.6319409282700422
Heykel,14090.0,58.2,1+1,0.827930174563591,0.82,0.5509433962264151,0.52,0.7258333333333332,0.7044514767932489
Heykel,11140.0,45.9,1+1,0.8845194705543833,0.8699999999999999,0.6490566037735849,0.74,0.7374999999999999,0.7162447257383966
Heykel,19900.0,106.7,3+1,0.7164780356800307,0.9400000000000001,0.5886792452830188,0.65,0.745,0.7123417721518988
Heykel,33550.0,141.1,4+1,0.4546326491463648,0.9,0.6264150943396226,0.55,0.9624999999999999,0.654367088607595
Heykel,29570.0,166.8,4+1,0.5309802417034337,0.89,0.569811320754717,0.74,0.5658333333333334,0.7354641350210971
Heykel,26670.0,114.1,3+1,0.5866103970842125,0.86,0.5132075471698113,0.67,0.6283333333333333,0.6446835443037975
Heykel,14620.0,52.6,1+1,0.8177632840974487,1.0,0.7773584905660378,0.6900000000000001,0.9249999999999999,0.7852320675105485
Heykel,33170.0,152.5,4+1,0.46192211778246695,0.86,0.6528301886792454,0.63,0.8408333333333333,0.725
Heykel,18080.0,86.4,2+1,0.7513907538845195,0.95,0.569811320754717,0.75,0.9133333333333332,0.79
Heykel,23980.0,91.6,2+1,0.638212161902935,0.86,0.6415094339622642,0.63,0.8291666666666666,0.6878059071729958
Heykel,22580.0,119.7,3+1,0.6650680989833109,0.99,0.5622641509433962,0.82,0.42749999999999994,0.725
Heykel,17330.0,60.8,1+1,0.765777863034721,0.78,0.6339622641509435,0.6,0.9391666666666667,0.7615611814345992
Heykel,25950.0,103.2,3+1,0.600422021868406,0.8699999999999999,0.5622641509433962,0.67,0.78,0.6746835443037975
Heykel,43760.0,152.8,4+1,0.2587761365816229,0.89,0.5886792452830188,0.67,0.9391666666666667,0.724451476793249
Heykel,25980.0,127.1,3+1,0.5998465375023978,0.93,0.6339622641509435,0.64,0.8408333333333333,0.6275738396624473
Heykel,30270.0,129.8,3+1,0.5175522731632458,1.0,0.6528301886792454,0.5700000000000001,0.7874999999999999,0.775
Heykel,14840.0,73.6,2+1,0.8135430654133896,1.0,0.7056603773584906,0.71,0.6775,0.6227215189873417
Heykel,14190.0,51.7,1+1,0.8260118933435642,1.0,0.7169811320754718,0.63,0.9883333333333333,0.745
Heykel,25110.0,118.2,3+1,0.6165355841166316,0.89,0.5245283018867924,0.47000000000000003,0.8175,0.7038185654008439
Heykel,13550.0,81.2,2+1,0.838288893151736,0.9400000000000001,0.6000000000000001,0.62,0.8783333333333333,0.77
Heykel,28390.0,148.9,4+1,0.5536159600997506,1.0,0.7245283018867925,0.61,0.7166666666666666,0.7265611814345991
Heykel,15940.0,60.8,1+1,0.7924419719930942,0.89,0.5962264150943397,0.65,0.8266666666666667,0.6254641350210971
Heykel,18830.0,92.0,2+1,0.737003644734318,0.8699999999999999,0.6981132075471699,0.5599999999999999,0.6399999999999999,0.7189029535864979
Heykel,15370.0,70.4,2+1,0.8033761749472472,0.9400000000000001,0.709433962264151,0.6799999999999999,0.7541666666666667,0.745
Heykel,19490.0,100.7,3+1,0.7243429886821409,0.89,0.6716981132075472,0.5700000000000001,0.8691666666666666,0.8373417721518988
Heykel,29420.0,124.4,3+1,0.533857663533474,0.9099999999999999,0.6339622641509435,0.63,0.7749999999999999,0.7
Heykel,41660.0,163.0,4+1,0.29906004220218685,0.9,0.6603773584905661,0.5900000000000001,0.8783333333333333,0.685464135021097
Heykel,21970.0,86.4,2+1,0.6767696144254748,0.9099999999999999,0.6415094339622642,0.6599999999999999,0.8033333333333333,0.6950000000000001
Heykel,21930.0,86.5,2+1,0.6775369269134854,0.9199999999999999,0.7358490566037736,0.6,0.9624999999999999,0.6328059071729958
Heykel,11050.0,51.5,1+1,0.8862459236524074,0.86,0.739622641509434,0.6599999999999999,0.8266666666666667,0.8049999999999999
Heykel,23260.0,83.6,2+1,0.6520237866871283,0.9099999999999999,0.6830188679245283,0.61,0.7541666666666667,0.735
Heykel,18380.0,73.1,2+1,0.745635910224439,0.89,0.6528301886792454,0.67,0.825,0.77
Heykel,13460.0,70.2,2+1,0.8400153462497602,0.8300000000000001,0.6452830188679245,0.6799999999999999,0.6799999999999999,0.745
Heykel,28340.0,92.4,2+1,0.5545751007097641,0.8800000000000001,0.5094339622641509,0.7,0.7374999999999999,0.76
Heykel,14970.0,79.4,2+1,0.8110492998273546,0.96,0.6377358490566039,0.65,0.2683333333333333,0.7067932489451476
Heykel,15710.0,74.7,2+1,0.796854018799156,0.9800000000000001,0.679245283018868,0.63,0.9249999999999999,0.6231223628691983
Heykel,28440.0,101.3,3+1,0.5526568194897372,0.78,0.7811320754716982,0.6,0.9249999999999999,0.7701476793248945
Heykel,15690.0,63.4,1+1,0.7972376750431613,0.99,0.6377358490566039,0.71,0.8125,0.6867932489451477
Heykel,18440.0,82.8,2+1,0.7444849414924228,0.99,0.630188679245283,0.5700000000000001,0.9766666666666666,0.685
Heykel,27110.0,100.0,3+1,0.5781699597160943,0.86,0.6037735849056604,0.54,0.6883333333333332,0.7104641350210971
Heykel,25480.0,101.9,3+1,0.6094379436025321,0.8800000000000001,0.558490566037736,0.5599999999999999,0.8383333333333333,0.7536708860759493
Heykel,19350.0,100.1,3+1,0.7270285823901784,0.8400000000000001,0.5773584905660378,0.6900000000000001,0.8899999999999999,0.7083544303797469
Heykel,14810.0,63.2,1+1,0.8141185497793977,0.86,0.6377358490566039,0.72,0.7658333333333334,0.6839029535864979
Heykel,18770.0,76.1,2+1,0.7381546134663342,0.8300000000000001,0.5886792452830188,0.55,0.9041666666666666,0.6696835443037974
Heykel,40680.0,141.6,4+1,0.31785919815845,0.77,0.5924528301886792,0.71,0.7024999999999999,0.5945991561181435
Heykel,14570.0,74.6,2+1,0.8187224247074621,0.8400000000000001,0.6226415094339622,0.58,0.6325,0.6541350210970465
Heykel,16090.0,88.5,2+1,0.7895645501630539,0.9099999999999999,0.6000000000000001,0.5900000000000001,0.7633333333333332,0.6950000000000001
Heykel,31200.0,159.6,4+1,0.499712257816996,0.9099999999999999,0.6867924528301886,0.67,0.6883333333333332,0.785
Heykel,10320.0,53.3,1+1,0.9002493765586035,0.8099999999999999,0.7207547169811321,0.5900000000000001,0.7266666666666666,0.6085864978902954
Heykel,25920.0,111.6,3+1,0.600997506234414,0.8300000000000001,0.5622641509433962,0.6,0.8316666666666667,0.6978902953586499
Heykel,32940.0,129.3,3+1,0.4663341645885287,0.89,0.6981132075471699,0.5900000000000001,1.0,0.815
Heykel,11640.0,56.2,1+1,0.874928064454249,0.96,0.49433962264150944,0.6,0.6349999999999999,0.6889029535864979
Heykel,21410.0,106.6,3+1,0.6875119892576251,0.77,0.5433962264150943,0.58,0.46249999999999997,0.7317932489451477
Heykel,21010.0,84.1,2+1,0.6951851141377325,0.86,0.569811320754717,0.6599999999999999,0.9649999999999999,0.6733544303797468
Heykel,26470.0,118.0,3+1,0.5904469595242663,0.99,0.5660377358490566,0.71,0.9766666666666666,0.7054641350210971
Heykel,30050.0,166.5,4+1,0.5217724918473048,0.89,0.6264150943396226,0.62,0.6425,0.685
Heykel,23580.0,100.7,3+1,0.6458852867830425,0.93,0.6679245283018868,0.62,0.9133333333333332,0.6770253164556962
Heykel,13350.0,53.5,1+1,0.8421254555917898,0.9,0.6905660377358491,0.65,0.9533333333333334,0.675
Heykel,21550.0,114.8,3+1,0.6848263955495876,0.8400000000000001,0.6641509433962264,0.65,0.8383333333333333,0.6767932489451477
Heykel,46680.0,154.1,4+1,0.20276232495683866,0.8099999999999999,0.6679245283018868,0.64,0.9249999999999999,0.7157805907172996
Heykel,20870.0,89.5,2+1,0.6978707078457702,0.9,0.6226415094339622,0.77,0.8008333333333333,0.73
Heykel,19960.0,79.6,2+1,0.7153270669480145,0.96,0.6943396226415095,0.65,0.7749999999999999,0.78
Heykel,15060.0,53.7,1+1,0.8093228467293305,0.9,0.5924528301886792,0.64,0.9766666666666666,0.685464135021097
Heykel,24940.0,129.8,3+1,0.6197966621906772,0.9400000000000001,0.5849056603773585,0.71,0.9066666666666667,0.8
Heykel,13060.0,60.4,1+1,0.8476884711298677,0.8800000000000001,0.7018867924528303,0.6799999999999999,0.8666666666666666,0.6446835443037975
Heykel,18700.0,83.7,2+1,0.739497410320353,1.0,0.6452830188679245,0.73,0.6791666666666666,0.715
Heykel,38650.0,161.2,4+1,0.3568003069249952,0.99,0.6716981132075472,0.6599999999999999,0.9249999999999999,0.775
Heykel,39170.0,147.1,4+1,0.3468252445808555,0.82,0.5660377358490566,0.63,0.7399999999999999,0.7457805907172996
Heykel,32220.0,162.1,4+1,0.480145789372722,0.8,0.6566037735849057,0.62,0.9041666666666666,0.7028902953586498
Heykel,22540.0,89.2,2+1,0.6658354114713216,0.93,0.679245283018868,0.6900000000000001,0.6091666666666666,0.73
Heykel,15000.0,53.6,1+1,0.8104738154613467,0.96,0.6905660377358491,0.64,0.9133333333333332,0.6506962025316456
Heykel,19550.0,89.3,2+1,0.7231920199501247,0.8699999999999999,0.6641509433962264,0.7,0.63,0.6489029535864979
Heykel,14220.0,64.4,1+1,0.8254364089775561,0.78,0.6490566037735849,0.54,1.0,0.6401476793248946
Heykel,23990.0,102.1,3+1,0.6380203337809323,0.9099999999999999,0.5660377358490566,0.6,0.6791666666666666,0.644367088607595
Heykel,22070.0,74.9,2+1,0.674851333205448,1.0,0.6226415094339622,0.61,0.7258333333333332,0.6489029535864979
Heykel,18820.0,92.7,2+1,0.7371954728563208,0.85,0.7132075471698114,0.62,0.9649999999999999,0.8
Heykel,15200.0,57.7,1+1,0.8066372530212929,0.93,0.6339622641509435,0.62,0.7541666666666667,0.7196835443037974
Heykel,18740.0,85.9,2+1,0.7387300978323422,0.9099999999999999,0.6377358490566039,0.73,1.0,0.71
Heykel,25850.0,108.0,3+1,0.6023403030884328,0.74,0.5547169811320755,0.63,0.5974999999999999,0.6486708860759494
Heykel,30570.0,108.8,3+1,0.5117974295031651,0.9800000000000001,0.6867924528301886,0.6900000000000001,0.7374999999999999,0.73
Heykel,11720.0,60.0,1+1,0.8733934394782275,0.9400000000000001,0.6603773584905661,0.62,0.85,0.685
Heykel,8650.0,54.6,1+1,0.932284672933052,0.9,0.5811320754716982,0.71,0.49083333333333334,0.7486708860759494
Heykel,20070.0,89.1,2+1,0.713216957605985,0.86,0.569811320754717,0.6799999999999999,0.7283333333333333,0.7631223628691983
Heykel,13820.0,53.7,1+1,0.8331095338576635,0.9800000000000001,0.6075471698113207,0.6799999999999999,0.9041666666666666,0.7265611814345991
Heykel,40030.0,136.2,4+1,0.33032802608862455,0.8400000000000001,0.6528301886792454,0.64,0.7891666666666666,0.6991350210970464
Heykel,36630.0,129.5,3+1,0.39554958756953773,0.9400000000000001,0.6452830188679245,0.64,0.815,0.6589029535864979
Heykel,9780.0,60.5,1+1,0.9106080951467486,0.95,0.5924528301886792,0.6900000000000001,0.5016666666666666,0.7107805907172996
Heykel,24760.0,114.0,3+1,0.6232495683867255,0.9,0.5962264150943397,0.53,0.8433333333333333,0.6367932489451477
Heykel,21920.0,76.2,2+1,0.6777287550354882,0.8,0.6000000000000001,0.62,0.8758333333333332,0.75
Heykel,16290.0,54.5,1+1,0.7857279877230002,0.8699999999999999,0.7433962264150944,0.64,0.7258333333333332,0.6752320675105485
Heykel,22330.0,93.4,2+1,0.669863802033378,0.8099999999999999,0.6339622641509435,0.5900000000000001,0.8833333333333333,0.755
Heykel,12010.0,50.0,1+1,0.8678304239401496,0.9099999999999999,0.5773584905660378,0.62,0.6558333333333333,0.7578902953586498
Heykel,20000.0,77.5,2+1,0.7145597544600039,0.95,0.7547169811320755,0.58,0.8175,0.795
Heykel,22980.0,112.9,3+1,0.6573949741032035,0.9400000000000001,0.6490566037735849,0.6599999999999999,0.7258333333333332,0.6778059071729958
Heykel,38820.0,146.5,4+1,0.35353922885094957,0.93,0.6716981132075472,0.54,0.9766666666666666,0.725
Heykel,22320.0,92.6,2+1,0.6700556301553808,0.9199999999999999,0.630188679245283,0.58,0.7308333333333332,0.7489029535864979
Heykel,20780.0,85.8,2+1,0.6995971609437943,0.8800000000000001,0.6000000000000001,0.73,0.7641666666666667,0.6465611814345992
Heykel,13100.0,46.0,1+1,0.8469211586418569,0.8,0.6075471698113207,0.71,0.8783333333333333,0.77
Heykel,19200.0,78.4,2+1,0.7299060042202187,0.85,0.5962264150943397,0.65,0.8483333333333334,0.85
Heykel,15860.0,76.0,2+1,0.7939765969691157,0.9199999999999999,0.5509433962264151,0.73,0.47833333333333333,0.735
Heykel,17610.0,80.1,2+1,0.7604066756186457,1.0,0.6452830188679245,0.6799999999999999,0.7666666666666666,0.7757805907172995
Heykel,12680.0,58.0,1+1,0.8549779397659697,0.85,0.6226415094339622,0.72,0.8175,0.8
Heykel,27150.0,154.5,4+1,0.5774026472280837,1.0,0.6150943396226416,0.63,0.6816666666666666,0.6989029535864979
Heykel,19480.0,127.6,3+1,0.7245348168041434,0.95,0.6490566037735849,0.61,0.4716666666666666,0.775
Heykel,15330.0,79.6,2+1,0.804143487435258,0.97,0.5811320754716982,0.5900000000000001,0.645,0.6280379746835443
Heykel,23470.0,105.6,3+1,0.647995396125072,0.9400000000000001,0.6528301886792454,0.6599999999999999,0.7733333333333333,0.7141350210970464
Heykel,15950.0,57.2,1+1,0.7922501438710915,0.89,0.6000000000000001,0.6599999999999999,0.9016666666666666,0.71
Heykel,26120.0,106.6,3+1,0.5971609437943602,0.8,0.630188679245283,0.6599999999999999,0.8125,0.615379746835443
Heykel,18460.0,78.7,2+1,0.7441012852484175,0.8,0.5849056603773585,0.5700000000000001,0.595,0.6778902953586499
Yıldırım,16730.0,91.9,2+1,0.7772875503548821,0.61,0.5924528301886792,0.67,0.705,0.5884177215189873
Yıldırım,16050.0,88.2,2+1,0.7903318626510647,0.54,0.5132075471698113,0.67,0.7241666666666666,0.5888818565400844
Yıldırım,15470.0,118.0,3+1,0.8014578937272204,0.61,0.44528301886792454,0.6,0.7874999999999999,0.5915400843881856
Yıldırım,11220.0,72.9,2+1,0.8829848455783618,0.45999999999999996,0.6452830188679245,0.72,0.6233333333333333,0.6518565400843882
Yıldırım,22820.0,120.0,3+1,0.6604642240552465,0.58,0.5433962264150943,0.65,0.7774999999999999,0.6305274261603375
Yıldırım,17480.0,102.4,3+1,0.7629004412046806,0.5,0.5433962264150943,0.5900000000000001,0.9649999999999999,0.5163080168776372
Yıldırım,10580.0,72.4,2+1,0.8952618453865336,0.71,0.5849056603773585,0.6599999999999999,0.6416666666666666,0.47989451476793243
Yıldırım,20260.0,155.7,4+1,0.709572223287934,0.53,0.5471698113207547,0.54,0.6883333333333332,0.6036497890295359
Yıldırım,12450.0,82.3,2+1,0.8593899865720315,0.64,0.5094339622641509,0.63,0.9766666666666666,0.5991139240506329
Yıldırım,14090.0,82.2,2+1,0.827930174563591,0.5700000000000001,0.5811320754716982,0.55,0.8899999999999999,0.6270886075949367
Yıldırım,14310.0,74.6,2+1,0.823709955879532,0.5900000000000001,0.5962264150943397,0.6,0.9391666666666667,0.6331856540084388
Yıldırım,6970.0,46.8,1+1,0.9645117974295032,0.7,0.4377358490566038,0.5700000000000001,0.7916666666666666,0.6573206751054852
Yıldırım,24460.0,110.8,3+1,0.6290044120468061,0.6,0.5886792452830188,0.5900000000000001,0.8408333333333333,0.5375527426160338
Yıldırım,14300.0,94.0,2+1,0.8239017840015346,0.5,0.5547169811320755,0.62,0.6558333333333333,0.6684177215189874
Yıldırım,29360.0,141.2,4+1,0.5350086322654901,0.6,0.5396226415094341,0.54,0.9766666666666666,0.6194303797468355
Yıldırım,21640.0,140.2,4+1,0.6830999424515634,0.58,0.6000000000000001,0.58,0.63,0.585675105485232
Yıldırım,17890.0,101.1,3+1,0.7550354882025705,0.51,0.5283018867924528,0.5700000000000001,0.8383333333333333,0.6259915611814346
Yıldırım,11980.0,59.7,1+1,0.8684059083061577,0.5599999999999999,0.5735849056603773,0.51,0.8875,0.6289662447257384
Yıldırım,25610.0,127.7,3+1,0.6069441780164972,0.6599999999999999,0.49433962264150944,0.64,0.9275,0.6276371308016877
Yıldırım,10930.0,57.6,1+1,0.8885478611164397,0.64,0.5471698113207547,0.62,0.7141666666666666,0.6195147679324895
Yıldırım,19000.0,108.6,3+1,0.7337425666602724,0.58,0.5660377358490566,0.55,0.7916666666666666,0.6574050632911392
Yıldırım,11860.0,78.4,2+1,0.8707078457701899,0.75,0.6226415094339622,0.58,0.82,0.5768565400843881
Yıldırım,31350.0,155.0,4+1,0.49683483598695566,0.5700000000000001,0.5773584905660378,0.52,0.7283333333333333,0.6474050632911392
Yıldırım,10610.0,90.5,2+1,0.8946863610205256,0.5900000000000001,0.5396226415094341,0.6599999999999999,0.5016666666666666,0.7429535864978902
Yıldırım,10880.0,71.9,2+1,0.8895070017264531,0.5599999999999999,0.6226415094339622,0.67,0.6466666666666666,0.6070886075949367
Yıldırım,26560.0,153.9,4+1,0.5887205064262421,0.62,0.5132075471698113,0.55,0.7891666666666666,0.5725527426160337
Yıldırım,13910.0,89.7,2+1,0.8313830807596394,0.6799999999999999,0.5924528301886792,0.53,0.7541666666666667,0.5878691983122363
Yıldırım,21140.0,126.9,3+1,0.6926913485516977,0.6,0.5433962264150943,0.53,0.7,0.5939662447257383
Yıldırım,28440.0,146.9,4+1,0.5526568194897372,0.49000000000000005,0.5320754716981132,0.54,0.6883333333333332,0.5965400843881856
Yıldırım,9220.0,73.1,2+1,0.9213504699788989,0.63,0.47924528301886793,0.62,0.6333333333333333,0.7400632911392405
Yıldırım,11970.0,74.3,2+1,0.8685977364281604,0.53,0.6754716981132076,0.5700000000000001,0.8574999999999999,0.6218565400843882
Yıldırım,16080.0,92.1,2+1,0.7897563782850566,0.6,0.5622641509433962,0.53,0.7633333333333332,0.6610759493670886
Yıldırım,23950.0,129.6,3+1,0.638787646268943,0.6900000000000001,0.5283018867924528,0.5900000000000001,0.7308333333333332,0.5978691983122363
Yıldırım,27050.0,160.3,4+1,0.5793209284481105,0.65,0.5018867924528302,0.65,0.8266666666666667,0.5756118143459916
Yıldırım,18510.0,91.1,2+1,0.743142144638404,0.5700000000000001,0.4528301886792453,0.58,0.8008333333333333,0.6573206751054852
Yıldırım,22500.0,125.8,3+1,0.6666027239593324,0.52,0.5169811320754717,0.51,0.895,0.6625527426160338
Yıldırım,12700.0,81.0,2+1,0.8545942835219643,0.42000000000000004,0.6264150943396226,0.62,0.8008333333333333,0.6488818565400845
Yıldırım,12930.0,92.5,2+1,0.8501822367159025,0.51,0.49433962264150944,0.61,0.8691666666666666,0.5878691983122363
Yıldırım,26630.0,126.0,3+1,0.5873777095722232,0.65,0.6490566037735849,0.61,0.8175,0.7250632911392405
Yıldırım,19550.0,108.2,3+1,0.7231920199501247,0.53,0.6377358490566039,0.5,0.7541666666666667,0.590210970464135
Yıldırım,14090.0,86.0,2+1,0.827930174563591,0.58,0.6264150943396226,0.55,0.8925000000000001,0.6363080168776372
Yıldırım,10510.0,73.7,2+1,0.8966046422405525,0.51,0.4867924528301887,0.5700000000000001,0.7941666666666667,0.6829535864978903
Yıldırım,13670.0,78.0,2+1,0.8359869556877038,0.52,0.630188679245283,0.5700000000000001,0.8758333333333332,0.624746835443038
Yıldırım,9380.0,64.4,1+1,0.918281220026856,0.54,0.6716981132075472,0.6900000000000001,0.6983333333333334,0.6081856540084389
Yıldırım,11500.0,80.5,2+1,0.8776136581622866,0.5,0.47924528301886793,0.61,0.9066666666666667,0.6295147679324895
Yıldırım,19950.0,112.5,3+1,0.7155188950700173,0.5900000000000001,0.5735849056603773,0.6599999999999999,0.9158333333333333,0.6066244725738397
Yıldırım,13650.0,89.4,2+1,0.8363706119317091,0.54,0.4867924528301887,0.5700000000000001,0.85,0.6363080168776372
Yıldırım,11320.0,91.1,2+1,0.881066564358335,0.62,0.45660377358490567,0.52,0.4983333333333333,0.6686497890295359
Yıldırım,21390.0,125.4,3+1,0.6878956455016305,0.6900000000000001,0.6528301886792454,0.6,0.8833333333333333,0.6599789029535865
Yıldırım,10140.0,55.4,1+1,0.9037022827546518,0.65,0.6754716981132076,0.65,0.8008333333333333,0.59873417721519
Yıldırım,11450.0,88.0,2+1,0.8785727987723,0.7,0.5924528301886792,0.5599999999999999,0.6516666666666666,0.6387341772151899
Yıldırım,27410.0,159.5,4+1,0.5724151160560138,0.52,0.6339622641509435,0.48,0.8266666666666667,0.6177215189873417
Yıldırım,8440.0,53.5,1+1,0.9363130634951083,0.6599999999999999,0.5622641509433962,0.77,0.7874999999999999,0.6178691983122363
Yıldırım,10700.0,84.2,2+1,0.8929599079225015,0.63,0.6113207547169811,0.65,0.7733333333333333,0.6349789029535865
Yıldırım,16060.0,93.4,2+1,0.7901400345290619,0.5900000000000001,0.5547169811320755,0.63,0.8008333333333333,0.5883333333333334
Yıldırım,8720.0,45.5,1+1,0.9309418760790332,0.61,0.5811320754716982,0.5700000000000001,0.9249999999999999,0.6544303797468354
Yıldırım,14030.0,85.8,2+1,0.8290811432956071,0.6799999999999999,0.47547169811320755,0.55,0.5716666666666667,0.6534177215189874
Yıldırım,8910.0,51.8,1+1,0.9272971417609821,0.73,0.5245283018867924,0.55,0.815,0.6631856540084389
Yıldırım,13590.0,74.9,2+1,0.8375215806637253,0.64,0.49056603773584906,0.62,0.6749999999999999,0.6096624472573839
Yıldırım,17060.0,113.6,3+1,0.7709572223287934,0.5700000000000001,0.5660377358490566,0.67,0.5599999999999999,0.5557594936708861
Yıldırım,10870.0,75.3,2+1,0.8896988298484558,0.61,0.6150943396226416,0.61,0.5249999999999999,0.6418565400843882
Yıldırım,18850.0,85.9,2+1,0.7366199884903126,0.6,0.5622641509433962,0.6,0.7658333333333334,0.604198312236287
Yıldırım,16980.0,92.3,2+1,0.7724918473048149,0.6799999999999999,0.5094339622641509,0.85,0.8033333333333333,0.7227215189873417
Yıldırım,15660.0,147.3,4+1,0.7978131594091694,0.6,0.6150943396226416,0.61,0.40249999999999997,0.6550632911392404
Yıldırım,7450.0,45.8,1+1,0.9553040475733743,0.73,0.6075471698113207,0.58,0.9133333333333332,0.5586497890295359
Yıldırım,22450.0,123.9,3+1,0.6675618645693459,0.6900000000000001,0.569811320754717,0.52,0.7749999999999999,0.6163080168776371
Yıldırım,11900.0,81.4,2+1,0.8699405332821791,0.6799999999999999,0.6528301886792454,0.61,0.9649999999999999,0.580295358649789
Yıldırım,24170.0,144.4,4+1,0.6345674275848839,0.63,0.5245283018867924,0.54,0.855,0.45989451476793247
Yıldırım,10460.0,74.8,2+1,0.8975637828505659,0.6,0.5169811320754717,0.62,0.8925000000000001,0.6039662447257383
Yıldırım,7760.0,57.9,1+1,0.949357375791291,0.5700000000000001,0.6037735849056604,0.52,0.8574999999999999,0.7274050632911393
Yıldırım,12380.0,73.6,2+1,0.8607327834260503,0.6,0.5018867924528302,0.6,0.8758333333333332,0.5720042194092827
Yıldırım,8040.0,49.2,1+1,0.9439861883752159,0.62,0.618867924528302,0.5700000000000001,0.7424999999999999,0.5963080168776371
Yıldırım,23250.0,123.2,3+1,0.652215614809131,0.62,0.44150943396226416,0.6,0.8291666666666666,0.6674050632911392
Yıldırım,19460.0,107.0,3+1,0.7249184730481488,0.5700000000000001,0.5169811320754717,0.63,0.6533333333333333,0.6385021097046414
Yıldırım,22620.0,125.7,3+1,0.6643007864953002,0.52,0.5773584905660378,0.62,0.7024999999999999,0.5652953586497891
Yıldırım,7220.0,64.8,1+1,0.9597160943794361,0.58,0.5660377358490566,0.5599999999999999,0.7191666666666667,0.6855274261603375
Yıldırım,21300.0,111.7,3+1,0.6896220985996547,0.61,0.4867924528301887,0.65,0.7749999999999999,0.6441139240506328
Yıldırım,11780.0,85.3,2+1,0.8722424707462114,0.54,0.5358490566037736,0.61,0.7141666666666666,0.6558438818565401
Yıldırım,25100.0,152.7,4+1,0.6167274122386341,0.55,0.4867924528301887,0.54,0.8783333333333333,0.5781012658227848
Yıldırım,18910.0,111.5,3+1,0.7354690197582966,0.52,0.558490566037736,0.55,0.8641666666666666,0.5709915611814346
Yıldırım,14400.0,79.7,2+1,0.8219835027815078,0.48,0.6415094339622642,0.62,0.5716666666666667,0.5865400843881856
Yıldırım,14470.0,119.5,3+1,0.820640705927489,0.6,0.5660377358490566,0.6799999999999999,0.7733333333333333,0.6660759493670886
Yıldırım,12540.0,92.5,2+1,0.8576635334740073,0.65,0.5622641509433962,0.51,0.5508333333333333,0.6270886075949367
Yıldırım,16200.0,76.0,2+1,0.7874544408210243,0.63,0.5358490566037736,0.53,0.6699999999999999,0.6855274261603375
Yıldırım,6950.0,53.3,1+1,0.9648954536735085,0.63,0.6150943396226416,0.65,0.4691666666666666,0.6067721518987341
Yıldırım,13600.0,105.0,3+1,0.8373297525417226,0.6799999999999999,0.6377358490566039,0.61,0.7083333333333333,0.609198312236287
Yıldırım,13590.0,90.5,2+1,0.8375215806637253,0.54,0.630188679245283,0.5599999999999999,0.7258333333333332,0.6670886075949367
Yıldırım,7950.0,54.6,1+1,0.94571264147324,0.6599999999999999,0.5396226415094341,0.61,0.48999999999999994,0.6341983122362869
Yıldırım,21080.0,123.2,3+1,0.6938423172837138,0.6599999999999999,0.5660377358490566,0.72,0.6791666666666666,0.6757594936708862
Yıldırım,7420.0,47.4,1+1,0.9558795319393824,0.6799999999999999,0.558490566037736,0.6799999999999999,0.5716666666666667,0.7506118143459917
Yıldırım,22290.0,118.4,3+1,0.6706311145213888,0.6799999999999999,0.47924528301886793,0.6,0.7166666666666666,0.6245147679324894
Yıldırım,10400.0,63.6,1+1,0.898714751582582,0.58,0.5509433962264151,0.5900000000000001,0.7708333333333334,0.5386497890295359
Yıldırım,14190.0,79.6,2+1,0.8260118933435642,0.6,0.5433962264150943,0.6,0.7633333333333332,0.6039662447257383
Yıldırım,24020.0,115.6,3+1,0.6374448494149243,0.55,0.5547169811320755,0.64,0.6066666666666667,0.589746835443038
Yıldırım,7880.0,53.6,1+1,0.9470554383272588,0.73,0.4981132075471698,0.63,0.6466666666666666,0.6491983122362869
Yıldırım,14130.0,115.3,3+1,0.8271628620755803,0.5900000000000001,0.5849056603773585,0.62,0.5025,0.6286497890295359
Yıldırım,20830.0,94.2,2+1,0.698638020333781,0.54,0.5396226415094341,0.58,0.78,0.6881856540084388
Yıldırım,20070.0,112.5,3+1,0.713216957605985,0.54,0.5358490566037736,0.6,0.9624999999999999,0.6599789029535865
Yıldırım,9430.0,53.4,1+1,0.9173220794168425,0.62,0.46037735849056605,0.58,0.7825,0.6400632911392405
Yıldırım,14500.0,105.3,3+1,0.8200652215614809,0.6599999999999999,0.5018867924528302,0.5900000000000001,0.6325,0.6439662447257384
Yıldırım,13290.0,93.9,2+1,0.8432764243238059,0.5599999999999999,0.6264150943396226,0.6599999999999999,0.8291666666666666,0.5591983122362869
Yıldırım,8690.0,85.7,2+1,0.9315173604450413,0.52,0.6113207547169811,0.6,0.6375,0.5576371308016878
Yıldırım,14370.0,79.4,2+1,0.8225589871475159,0.6599999999999999,0.4981132075471698,0.5700000000000001,0.6766666666666666,0.5818565400843883
Yıldırım,15630.0,83.3,2+1,0.7983886437751775,0.64,0.558490566037736,0.5700000000000001,0.7708333333333334,0.6017721518987342
Yıldırım,12040.0,75.6,2+1,0.8672549395741416,0.78,0.5207547169811322,0.61,0.8058333333333333,0.5481012658227848
Yıldırım,8850.0,54.0,1+1,0.9284481104929982,0.52,0.49433962264150944,0.63,0.7683333333333333,0.6176371308016877
Yıldırım,11540.0,82.6,2+1,0.8768463456742759,0.5599999999999999,0.5773584905660378,0.47000000000000003,0.9016666666666666,0.6131856540084388
Yıldırım,16940.0,105.2,3+1,0.7732591597928257,0.51,0.5962264150943397,0.5700000000000001,0.7708333333333334,0.5583333333333333
Yıldırım,10010.0,70.3,2+1,0.9061960483406868,0.63,0.6377358490566039,0.5700000000000001,0.7283333333333333,0.5970886075949366
Yıldırım,8490.0,56.3,1+1,0.935353922885095,0.64,0.5471698113207547,0.6,0.7541666666666667,0.6284177215189873
Yıldırım,14070.0,79.4,2+1,0.8283138308075964,0.55,0.47547169811320755,0.62,0.815,0.6329535864978904
Yıldırım,15260.0,83.2,2+1,0.8054862842892768,0.72,0.5358490566037736,0.6,1.0,0.6028691983122363
Yıldırım,15770.0,100.1,3+1,0.7957030500671398,0.64,0.5358490566037736,0.61,0.8291666666666666,0.6060759493670886
Yıldırım,24620.0,169.9,4+1,0.6259351620947631,0.61,0.5018867924528302,0.45999999999999996,0.63,0.6592827004219409
Yıldırım,9800.0,80.3,2+1,0.9102244389027432,0.65,0.6528301886792454,0.53,0.4716666666666666,0.5617721518987342
Yıldırım,15140.0,108.4,3+1,0.807788221753309,0.6599999999999999,0.5811320754716982,0.5900000000000001,0.7566666666666667,0.5934177215189873
Yıldırım,8570.0,47.5,1+1,0.9338192979090735,0.5,0.5773584905660378,0.48,0.8875,0.6900632911392406
Yıldırım,24190.0,136.1,4+1,0.6341837713408786,0.54,0.6037735849056604,0.63,0.7891666666666666,0.660759493670886
Yıldırım,12500.0,84.6,2+1,0.858430845962018,0.47000000000000003,0.5433962264150943,0.71,0.8341666666666667,0.6613924050632911
Yıldırım,12740.0,93.0,2+1,0.8538269710339536,0.54,0.6000000000000001,0.61,0.6608333333333334,0.629831223628692
Yıldırım,7670.0,59.1,1+1,0.9510838288893152,0.45999999999999996,0.5433962264150943,0.5900000000000001,0.5999999999999999,0.5709915611814346
Yıldırım,8490.0,51.5,1+1,0.935353922885095,0.6599999999999999,0.49056603773584906,0.5700000000000001,0.7633333333333332,0.5759915611814346
Yıldırım,24370.0,119.7,3+1,0.6307308651448302,0.67,0.5471698113207547,0.5700000000000001,0.9624999999999999,0.6945147679324895
Yıldırım,10420.0,58.3,1+1,0.8983310953385766,0.73,0.5283018867924528,0.62,0.6558333333333333,0.6245147679324894
Yıldırım,13580.0,83.4,2+1,0.837713408785728,0.61,0.5962264150943397,0.6599999999999999,0.9416666666666667,0.5799789029535865
Yıldırım,6970.0,51.8,1+1,0.9645117974295032,0.58,0.5358490566037736,0.71,0.5741666666666666,0.6931856540084389
Yıldırım,27000.0,157.0,4+1,0.5802800690581239,0.6599999999999999,0.5886792452830188,0.5599999999999999,0.855,0.7574894514767933
Yıldırım,19400.0,122.5,3+1,0.726069441780165,0.5700000000000001,0.49433962264150944,0.73,0.6883333333333332,0.6263080168776372
Yıldırım,23050.0,157.1,4+1,0.6560521772491847,0.55,0.569811320754717,0.67,0.7525,0.6341983122362869
Yıldırım,17090.0,122.6,3+1,0.7703817379627853,0.64,0.47924528301886793,0.64,0.6958333333333333,0.6318565400843882
Yıldırım,26070.0,154.5,4+1,0.5981200844043737,0.51,0.5094339622641509,0.65,0.6608333333333334,0.6349789029535865
Yıldırım,11900.0,76.8,2+1,0.8699405332821791,0.61,0.6264150943396226,0.65,0.7024999999999999,0.5273206751054853
Yıldırım,7800.0,55.5,1+1,0.9485900633032802,0.63,0.618867924528302,0.61,0.6891666666666666,0.6199789029535865
Yıldırım,9900.0,80.7,2+1,0.9083061576827163,0.52,0.5094339622641509,0.58,0.8758333333333332,0.5691983122362869
Yıldırım,14720.0,93.8,2+1,0.8158450028774218,0.58,0.6000000000000001,0.65,0.8524999999999999,0.630210970464135
Yıldırım,21190.0,127.7,3+1,0.6917322079416843,0.47000000000000003,0.5132075471698113,0.5599999999999999,0.7749999999999999,0.6638818565400844
Yıldırım,7060.0,45.7,1+1,0.962785344331479,0.65,0.6339622641509435,0.67,0.7258333333333332,0.6389662447257384
Yıldırım,9070.0,50.8,1+1,0.9242278918089392,0.55,0.5471698113207547,0.67,0.6183333333333333,0.614198312236287
Yıldırım,17760.0,111.5,3+1,0.7575292537886054,0.61,0.4641509433962264,0.63,0.6416666666666666,0.5384177215189874
Yıldırım,8760.0,50.2,1+1,0.9301745635910225,0.51,0.47924528301886793,0.65,0.9158333333333333,0.624746835443038
Yıldırım,8320.0,53.7,1+1,0.9386150009591406,0.51,0.46037735849056605,0.64,0.7166666666666666,0.7292827004219409
Yıldırım,7560.0,59.3,1+1,0.9531939382313447,0.53,0.5962264150943397,0.54,0.7991666666666666,0.7245147679324895
Yıldırım,20890.0,127.3,3+1,0.6974870516017648,0.55,0.5924528301886792,0.5900000000000001,0.8641666666666666,0.6349789029535865
Yıldırım,10950.0,56.3,1+1,0.8881642048724343,0.5900000000000001,0.5471698113207547,0.54,0.9275,0.5994303797468354
Yıldırım,8270.0,45.6,1+1,0.9395741415691541,0.6,0.6150943396226416,0.54,0.9624999999999999,0.579746835443038
Yıldırım,7150.0,51.7,1+1,0.9610588912334548,0.6599999999999999,0.5396226415094341,0.6,0.7874999999999999,0.5689662447257384
Yıldırım,21930.0,126.2,3+1,0.6775369269134854,0.72,0.5811320754716982,0.61,0.85,0.6260759493670887
Yıldırım,8520.0,63.4,1+1,0.9347784385190869,0.71,0.558490566037736,0.5,0.4258333333333333,0.6386497890295358
Yıldırım,7580.0,50.9,1+1,0.9528102819873393,0.62,0.5622641509433962,0.6799999999999999,0.7075,0.6570886075949367
Yıldırım,22840.0,139.7,4+1,0.6600805678112411,0.6,0.5358490566037736,0.65,0.9249999999999999,0.6257594936708861
Mudanya,17950.0,81.9,2+1,0.7538845194705543,0.36,0.21509433962264146,0.67,0.78,0.4630590717299578
Mudanya,13180.0,87.6,2+1,0.8453865336658354,0.51,0.1132075471698113,0.7,0.4833333333333333,0.49618143459915603
Mudanya,25460.0,144.1,4+1,0.6098215998465375,0.33999999999999997,0.2113207547169812,0.7,0.9133333333333332,0.4993881856540085
Mudanya,8560.0,47.2,1+1,0.9340111260310762,0.4,0.07169811320754715,0.8699999999999999,0.85,0.5611814345991561
Mudanya,9250.0,58.9,1+1,0.9207749856128908,0.52,0.26792452830188684,0.71,0.8574999999999999,0.5506329113924051
Mudanya,14580.0,85.6,2+1,0.8185305965854595,0.27,0.18867924528301883,0.73,0.82,0.5312658227848102
Mudanya,13820.0,84.2,2+1,0.8331095338576635,0.42000000000000004,0.20377358490566033,0.75,0.5599999999999999,0.49719409282700416
Mudanya,21330.0,101.8,3+1,0.6890466142336467,0.39,0.14339622641509442,0.82,0.6533333333333333,0.37320675105485224
Mudanya,11010.0,64.9,1+1,0.8870132361404182,0.5700000000000001,0.16981132075471694,0.75,0.6608333333333334,0.5211814345991561
Mudanya,14920.0,78.8,2+1,0.8120084404373681,0.39,0.1622641509433963,0.78,0.895,0.4878270042194093
Mudanya,17250.0,105.0,3+1,0.7673124880107424,0.33999999999999997,0.0,0.75,0.6533333333333333,0.440084388185654
Mudanya,25390.0,136.8,4+1,0.6111643967005562,0.43,0.18867924528301883,0.77,0.85,0.4890717299578059
Mudanya,7600.0,63.6,1+1,0.9524266257433339,0.27,0.1773584905660377,0.8,0.6499999999999999,0.4919620253164556
Mudanya,10510.0,47.3,1+1,0.8966046422405525,0.4,0.2113207547169812,0.72,0.6766666666666666,0.4861814345991561
Mudanya,25940.0,135.9,4+1,0.6006138499904086,0.42000000000000004,0.260377358490566,0.8,0.6091666666666666,0.4827426160337553
Mudanya,16830.0,80.4,2+1,0.7753692691348552,0.4,0.14716981132075468,0.71,0.78,0.4514135021097046
Mudanya,12480.0,51.1,1+1,0.8588145022060234,0.4,0.2075471698113207,0.6599999999999999,0.855,0.4545358649789029
Mudanya,7390.0,49.7,1+1,0.9564550163053904,0.51,0.21886792452830195,0.73,0.6541666666666667,0.48141350210970457
Mudanya,23540.0,122.6,3+1,0.6466525992710531,0.36,0.2113207547169812,0.73,0.7633333333333332,0.4721940928270042
Mudanya,15320.0,83.3,2+1,0.8043353155572607,0.27999999999999997,0.18113207547169818,0.8,0.8691666666666666,0.4872784810126582
Mudanya,15170.0,79.7,2+1,0.807212737387301,0.44000000000000006,0.22264150943396221,0.71,0.7258333333333332,0.5583755274261603
Mudanya,21550.0,117.5,3+1,0.6848263955495876,0.37,0.2075471698113207,0.72,0.9649999999999999,0.6190084388185655
Mudanya,8710.0,49.1,1+1,0.9311337042010359,0.44000000000000006,0.20377358490566033,0.74,0.8125,0.4230590717299578
Mudanya,12800.0,64.3,1+1,0.8526760023019375,0.42000000000000004,0.17358490566037743,0.82,0.8266666666666667,0.38938818565400846
Mudanya,16670.0,87.4,2+1,0.7784385190868981,0.39,0.13962264150943393,0.74,0.9249999999999999,0.5691561181434599
Mudanya,16410.0,112.8,3+1,0.7834260502589679,0.29,0.1584905660377358,0.77,0.7499999999999999,0.5420464135021097
Mudanya,13310.0,77.8,2+1,0.8428927680798005,0.41,0.10188679245283017,0.6799999999999999,0.85,0.459620253164557
Mudanya,18520.0,105.8,3+1,0.7429503165164013,0.51,0.18867924528301883,0.77,1.0,0.47883966244725734
Mudanya,11060.0,57.4,1+1,0.8860540955304048,0.45999999999999996,0.18113207547169818,0.76,0.6883333333333332,0.5372784810126582
Mudanya,10650.0,50.9,1+1,0.8939190485325149,0.43,0.1283018867924528,0.67,0.9766666666666666,0.53626582278481
Mudanya,35370.0,166.8,4+1,0.4197199309418761,0.39,0.16603773584905657,0.89,1.0,0.49415611814345994
Mudanya,8050.0,45.8,1+1,0.9437943602532132,0.5700000000000001,0.12075471698113205,0.77,0.7749999999999999,0.5486075949367089
Mudanya,14340.0,59.8,1+1,0.8231344715135238,0.5,0.0981132075471699,0.7,0.855,0.48915611814345994
Mudanya,20430.0,100.7,3+1,0.7063111452138884,0.42000000000000004,0.23018867924528308,0.76,0.7658333333333334,0.4864978902953586
Mudanya,13360.0,70.9,2+1,0.8419336274697871,0.32,0.19622641509433958,0.75,0.7191666666666667,0.5991561181434599
Mudanya,16250.0,70.6,2+1,0.7864953002110109,0.41,0.20377358490566033,0.8300000000000001,0.7166666666666666,0.45719409282700424
Mudanya,19420.0,102.0,3+1,0.7256857855361596,0.29,0.060377358490566135,0.8,0.5599999999999999,0.5110337552742616
Mudanya,12150.0,57.1,1+1,0.8651448302321121,0.4,0.09433962264150941,0.72,0.7774999999999999,0.4454008438818565
Mudanya,21850.0,107.3,3+1,0.679071551889507,0.33999999999999997,0.07924528301886802,0.79,0.7825,0.42383966244725735
Mudanya,20110.0,94.2,2+1,0.7124496451179743,0.43,0.1132075471698113,0.78,0.8225,0.505801687763713
Mudanya,12940.0,60.6,1+1,0.8499904085938998,0.45,0.18867924528301883,0.79,0.7749999999999999,0.5304852320675105
Mudanya,22450.0,111.1,3+1,0.6675618645693459,0.38,0.1622641509433963,0.79,0.6699999999999999,0.5604008438818565
Mudanya,13850.0,71.9,2+1,0.8325340494916554,0.45999999999999996,0.07169811320754715,0.75,0.7258333333333332,0.47727848101265824
Mudanya,23870.0,113.6,3+1,0.6403222712449645,0.33999999999999997,0.2113207547169812,0.76,0.6983333333333334,0.4982911392405063
Mudanya,32350.0,140.2,4+1,0.47765202378668714,0.41,0.15471698113207555,0.6900000000000001,0.6766666666666666,0.5970464135021096
Mudanya,17560.0,102.9,3+1,0.7613658162286592,0.45,0.2113207547169812,0.76,0.8483333333333334,0.44930379746835436
Mudanya,18600.0,90.5,2+1,0.7414156915403798,0.44000000000000006,0.17358490566037743,0.7,0.9016666666666666,0.4549367088607595
Mudanya,9790.0,57.2,1+1,0.9104162670247459,0.33999999999999997,0.1773584905660377,0.65,0.5249999999999999,0.5527426160337553
Mudanya,25280.0,102.2,3+1,0.6132745060425858,0.29,0.10943396226415092,0.73,0.9883333333333333,0.4706329113924051
Mudanya,12520.0,74.1,2+1,0.8580471897180126,0.43,0.2754716981132076,0.76,0.7733333333333333,0.46774261603375533
Mudanya,24410.0,129.0,3+1,0.6299635526568195,0.35,0.2566037735849057,0.67,0.8108333333333333,0.4479746835443038
Mudanya,23570.0,120.1,3+1,0.646077114905045,0.43,0.1773584905660377,0.71,0.8008333333333333,0.42641350210970463
Mudanya,20710.0,90.7,2+1,0.7009399577978132,0.39,0.13962264150943393,0.76,0.63,0.5125949367088607
Mudanya,10190.0,54.4,1+1,0.9027431421446384,0.38,0.15471698113207555,0.82,0.8599999999999999,0.5928270042194093
Mudanya,16620.0,85.5,2+1,0.7793976596969115,0.41,0.24905660377358496,0.79,0.7258333333333332,0.5275949367088608
Mudanya,14970.0,93.0,2+1,0.8110492998273546,0.26,0.18867924528301883,0.71,0.6583333333333333,0.4706329113924051
Mudanya,19700.0,89.6,2+1,0.7203145981200845,0.45999999999999996,0.2264150943396226,0.8,0.7283333333333333,0.48672995780590717
Mudanya,17710.0,88.8,2+1,0.7584883943986188,0.38,0.2754716981132076,0.73,0.6183333333333333,0.44883966244725737
Mudanya,19150.0,123.8,3+1,0.7308651448302321,0.47000000000000003,0.13207547169811318,0.75,0.8666666666666666,0.4799367088607595
Mudanya,16720.0,93.8,2+1,0.7774793784768848,0.43,0.2716981132075471,0.74,0.9883333333333333,0.46618143459915606
Mudanya,13040.0,63.5,1+1,0.8480721273738729,0.27999999999999997,0.21509433962264146,0.6799999999999999,0.6766666666666666,0.5279113924050634
Mudanya,24680.0,116.1,3+1,0.6247841933627469,0.32999999999999996,0.18490566037735845,0.76,0.6883333333333332,0.4510970464135021
Mudanya,16980.0,109.5,3+1,0.7724918473048149,0.27,0.21886792452830195,0.82,0.8875,0.48508438818565397
Mudanya,35210.0,165.5,4+1,0.42278918089391904,0.36,0.2943396226415095,0.78,0.8758333333333332,0.5375105485232068
Mudanya,8900.0,57.0,1+1,0.9274889698829849,0.42000000000000004,0.18867924528301883,0.62,0.5,0.4664978902953586
Mudanya,16930.0,120.5,3+1,0.7734509879148284,0.35,0.26415094339622647,0.67,0.5249999999999999,0.4825105485232068
Mudanya,22250.0,122.7,3+1,0.6713984270093996,0.4,0.2754716981132076,0.6900000000000001,0.5716666666666667,0.4920464135021097
Mudanya,20540.0,116.6,3+1,0.7042010358718589,0.52,0.12075471698113205,0.73,0.4225,0.46696202531645564
Mudanya,15230.0,91.6,2+1,0.8060617686552849,0.43,0.15471698113207555,0.8400000000000001,0.7,0.5217299578059071
Mudanya,10580.0,51.7,1+1,0.8952618453865336,0.48,0.14716981132075468,0.71,0.9416666666666667,0.5717299578059072
Mudanya,17720.0,84.9,2+1,0.7582965662766161,0.42000000000000004,0.16603773584905657,0.85,0.6933333333333332,0.5733755274261603
Mudanya,15150.0,81.0,2+1,0.8075963936313063,0.49000000000000005,0.2528301886792452,0.77,0.82,0.4888396624472574
Mudanya,17240.0,89.3,2+1,0.7675043161327451,0.47000000000000003,0.18113207547169818,0.8300000000000001,0.6883333333333332,0.44829113924050634
Mudanya,30000.0,159.2,4+1,0.5227316324573182,0.44000000000000006,0.16981132075471694,0.63,0.7991666666666666,0.4732911392405063
Mudanya,14600.0,61.9,1+1,0.8181469403414541,0.38,0.1584905660377358,0.71,0.9624999999999999,0.5638396624472575
Mudanya,26930.0,160.8,4+1,0.5816228659121427,0.45999999999999996,0.16603773584905657,0.62,0.825,0.554704641350211
Mudanya,21620.0,89.0,2+1,0.6834835986955687,0.36,0.19622641509433958,0.78,0.7774999999999999,0.6321308016877637
Mudanya,19630.0,109.5,3+1,0.7216573949741032,0.41,0.1132075471698113,0.8099999999999999,0.6325,0.4690717299578059
Mudanya,15960.0,79.0,2+1,0.7920583157490888,0.55,0.15094339622641506,0.72,0.815,0.5036075949367089
Mudanya,15150.0,74.9,2+1,0.8075963936313063,0.43,0.12075471698113205,0.76,0.8783333333333333,0.5286919831223629
Mudanya,19260.0,92.2,2+1,0.7287550354882026,0.3,0.1622641509433963,0.64,0.7258333333333332,0.43664556962025314
Mudanya,29600.0,152.8,4+1,0.5304047573374256,0.27,0.22264150943396221,0.76,0.6883333333333332,0.44329113924050634
Mudanya,15200.0,65.0,1+1,0.8066372530212929,0.54,0.21509433962264146,0.7,0.9016666666666666,0.52415611814346
Mudanya,12260.0,55.3,1+1,0.8630347208900825,0.39,0.07547169811320753,0.8099999999999999,0.7566666666666667,0.5420464135021097
Mudanya,34020.0,164.8,4+1,0.4456167274122387,0.45999999999999996,0.1773584905660377,0.6799999999999999,0.8408333333333333,0.5513502109704641
Mudanya,8500.0,45.5,1+1,0.9351620947630923,0.27999999999999997,0.14339622641509442,0.75,0.9158333333333333,0.5338396624472573
Mudanya,20780.0,88.8,2+1,0.6995971609437943,0.47000000000000003,0.16981132075471694,0.79,0.7516666666666666,0.6012658227848102
Mudanya,11420.0,61.0,1+1,0.8791482831383081,0.29,0.19622641509433958,0.82,0.595,0.5064978902953586
Mudanya,13160.0,57.0,1+1,0.8457701899098408,0.31,0.2264150943396226,0.74,0.7258333333333332,0.4280590717299578
Mudanya,18000.0,83.9,2+1,0.752925378860541,0.5,0.14716981132075468,0.6900000000000001,0.895,0.5786075949367089
Mudanya,18910.0,76.0,2+1,0.7354690197582966,0.45,0.20000000000000007,0.82,0.9624999999999999,0.5170464135021098
Mudanya,18670.0,89.9,2+1,0.7400728946863611,0.27999999999999997,0.10188679245283017,0.72,0.9533333333333334,0.4777426160337553
Mudanya,12880.0,88.2,2+1,0.851141377325916,0.32999999999999996,0.15471698113207555,0.8300000000000001,0.35,0.4733755274261603
Mudanya,26720.0,125.4,3+1,0.5856512564741991,0.35,0.1132075471698113,0.8699999999999999,0.5833333333333334,0.5468143459915611
Mudanya,25270.0,136.7,4+1,0.6134663341645885,0.32999999999999996,0.20000000000000007,0.75,0.7891666666666666,0.48672995780590717
Mudanya,15190.0,73.8,2+1,0.8068290811432957,0.31,0.2566037735849057,0.76,0.7774999999999999,0.5629113924050633
Mudanya,19600.0,87.3,2+1,0.7222328793401113,0.43,0.1584905660377358,0.82,0.6883333333333332,0.485168776371308
Mudanya,16520.0,87.7,2+1,0.7813159409169385,0.4,0.0981132075471699,0.76,0.6566666666666666,0.4935232067510549
Mudanya,20570.0,107.8,3+1,0.7036255515058507,0.39,0.12452830188679243,0.8099999999999999,0.5816666666666667,0.5332911392405064
Mudanya,14380.0,79.6,2+1,0.8223671590255132,0.42000000000000004,0.037735849056603765,0.86,0.8808333333333334,0.525801687763713
Mudanya,18770.0,108.2,3+1,0.7381546134663342,0.42000000000000004,0.2113207547169812,0.65,0.5741666666666666,0.45672995780590714
Mudanya,17020.0,91.6,2+1,0.7717245348168041,0.44000000000000006,0.018867924528301883,0.75,0.5299999999999999,0.335
Mudanya,10960.0,74.4,2+1,0.8879723767504316,0.39,0.18113207547169818,0.78,0.40833333333333327,0.4719620253164557
Mudanya,27470.0,127.3,3+1,0.5712641473239977,0.22999999999999998,0.21886792452830195,0.8400000000000001,0.9766666666666666,0.4443037974683544
Mudanya,14360.0,72.6,2+1,0.8227508152695185,0.37,0.21509433962264146,0.8800000000000001,0.9416666666666667,0.5043881856540084
Mudanya,17190.0,82.2,2+1,0.7684634567427585,0.45999999999999996,0.1584905660377358,0.8099999999999999,0.7383333333333333,0.515801687763713
Mudanya,14400.0,78.2,2+1,0.8219835027815078,0.41,0.23396226415094334,0.77,0.9275,0.4825105485232068
Mudanya,16640.0,77.8,2+1,0.7790140034529062,0.45999999999999996,0.13584905660377367,0.6799999999999999,0.7141666666666666,0.5101687763713081
Mudanya,18100.0,89.8,2+1,0.7510070976405141,0.41,0.2113207547169812,0.8300000000000001,0.9299999999999999,0.46540084388185654
Mudanya,19290.0,109.5,3+1,0.7281795511221945,0.45999999999999996,0.24905660377358496,0.54,0.6233333333333333,0.5138396624472574
Mudanya,16800.0,89.9,2+1,0.7759447535008632,0.42000000000000004,0.0981132075471699,0.7,0.7399999999999999,0.529704641350211
Mudanya,8160.0,49.7,1+1,0.9416842509111836,0.44000000000000006,0.1622641509433963,0.76,0.6933333333333332,0.5780590717299579
Mudanya,8250.0,45.0,1+1,0.9399577978131595,0.5,0.22264150943396221,0.7,0.855,0.4429746835443038
Mudanya,15860.0,91.1,2+1,0.7939765969691157,0.47000000000000003,0.20377358490566033,0.8,0.5041666666666667,0.5272784810126583
Mudanya,33910.0,157.3,4+1,0.44772683675426816,0.32,0.08679245283018866,0.6799999999999999,0.8599999999999999,0.5372784810126582
Mudanya,18900.0,92.1,2+1,0.7356608478802993,0.45,0.17358490566037743,0.71,0.7658333333333334,0.4935232067510549
Mudanya,14870.0,77.0,2+1,0.8129675810473815,0.38,0.12452830188679243,0.78,0.78,0.5154008438818565
Mudanya,16980.0,93.9,2+1,0.7724918473048149,0.42000000000000004,0.07924528301886802,0.63,0.7516666666666666,0.5096202531645571
Mudanya,35810.0,157.3,4+1,0.4112794935737579,0.32999999999999996,0.15471698113207555,0.74,0.705,0.4889240506329114
Mudanya,20120.0,112.9,3+1,0.7122578169959717,0.39,0.2264150943396226,0.77,0.8716666666666666,0.5004008438818565
Mudanya,10360.0,62.7,1+1,0.8994820640705927,0.37,0.16981132075471694,0.78,0.43166666666666664,0.526729957805907
Mudanya,15480.0,73.2,2+1,0.8012660656052177,0.43,0.11698113207547178,0.75,0.8641666666666666,0.46196202531645564
Mudanya,23070.0,127.2,3+1,0.6556685210051794,0.38,0.030188679245283012,0.8,0.9299999999999999,0.4890717299578059
Mudanya,20030.0,116.6,3+1,0.7139842700939958,0.43,0.13962264150943393,0.6599999999999999,0.9133333333333332,0.48938818565400843
Mudanya,15020.0,80.5,2+1,0.8100901592173413,0.4,0.28301886792452835,0.6900000000000001,0.8524999999999999,0.47462025316455697
Mudanya,21580.0,126.9,3+1,0.6842509111835795,0.4,0.1283018867924528,0.7,0.565,0.5509493670886075
Mudanya,13640.0,89.3,2+1,0.8365624400537119,0.38,0.05283018867924527,0.6900000000000001,1.0,0.5096202531645571
Mudanya,11160.0,49.3,1+1,0.8841358143103779,0.41,0.2264150943396226,0.73,0.8783333333333333,0.4904008438818565
Mudanya,8730.0,59.0,1+1,0.9307500479570305,0.49000000000000005,0.19622641509433958,0.65,0.9416666666666667,0.4330590717299578
Mudanya,12300.0,85.5,2+1,0.8622674084020717,0.38,0.15471698113207555,0.77,0.6825,0.5833755274261603
Mudanya,8480.0,52.3,1+1,0.9355457510070977,0.43,0.16603773584905657,0.71,0.7266666666666666,0.4875105485232068
Mudanya,17300.0,78.2,2+1,0.7663533474007289,0.36,0.18867924528301883,0.72,0.85,0.5449367088607595
Mudanya,19980.0,120.2,3+1,0.7149434107040091,0.43,0.22264150943396221,0.8,0.6799999999999999,0.45907172995780593
Mudanya,21930.0,126.5,3+1,0.6775369269134854,0.33999999999999997,0.2716981132075471,0.5599999999999999,0.7408333333333333,0.5847890295358649
Mudanya,11860.0,62.9,1+1,0.8707078457701899,0.42000000000000004,0.12075471698113205,0.78,0.8574999999999999,0.5380590717299578
Mudanya,10240.0,56.0,1+1,0.901784001534625,0.44000000000000006,0.10188679245283017,0.6900000000000001,0.6816666666666666,0.5504852320675105
Mudanya,20000.0,118.8,3+1,0.7145597544600039,0.35,0.13962264150943393,0.77,0.5608333333333333,0.5425949367088607
Mudanya,17560.0,79.0,2+1,0.7613658162286592,0.43,0.1132075471698113,0.75,0.8691666666666666,0.5380590717299578
Mudanya,8930.0,45.4,1+1,0.9269134855169768,0.38,0.2113207547169812,0.67,0.8899999999999999,0.5560337552742617
Mudanya,18040.0,115.5,3+1,0.7521580663725302,0.51,0.2566037735849057,0.77,0.39999999999999997,0.5043881856540084
Mudanya,7750.0,51.5,1+1,0.9495492039132937,0.37,0.030188679245283012,0.72,0.6791666666666666,0.5586075949367089
Mudanya,11310.0,54.4,1+1,0.8812583924803377,0.51,0.21886792452830195,0.72,0.7683333333333333,0.4864978902953586
Mudanya,23210.0,127.5,3+1,0.6529829272971417,0.33999999999999997,0.14716981132075468,0.8400000000000001,0.6883333333333332,0.5667299578059071
Mudanya,16450.0,92.2,2+1,0.7826587377709573,0.42000000000000004,0.07924528301886802,0.73,0.8458333333333334,0.5741561181434599
Mudanya,15020.0,71.1,2+1,0.8100901592173413,0.6,0.14716981132075468,0.61,0.8175,0.42063291139240505
Mudanya,21700.0,122.8,3+1,0.6819489737195472,0.38,0.07169811320754715,0.72,0.6558333333333333,0.4361814345991561
Mudanya,28790.0,154.5,4+1,0.5459428352196432,0.36,0.2415094339622641,0.7,0.6491666666666667,0.49751054852320675
Mudanya,14810.0,62.9,1+1,0.8141185497793977,0.45999999999999996,0.12452830188679243,0.8400000000000001,0.7075,0.5094725738396624
Mudanya,16190.0,76.3,2+1,0.787646268943027,0.29,0.18113207547169818,0.8300000000000001,0.7774999999999999,0.5043881856540084
Mudanya,10700.0,54.2,1+1,0.8929599079225015,0.39,0.12452830188679243,0.75,0.8125,0.4519620253164557
